Champion,G,PB%,B,G,By,W,L,WR,K,D,A,KDA,CS,CS/M,G,G/M,KPAR,KS,GS,As
,,,,,,,,,,,,,,,,,,,,
Nunu,27,96.40%,9,18,6,12,6,66.70%,1.06,2.67,8.61,3.63,90.17,2.46,9.4,256,-,-,-,
,,,,,,,,,,,,,,,,,,,,
Alistar,25,89.30%,12,13,4,8,5,61.50%,3.46,2.69,7.38,4.03,114,3.11,9.6,261,-,-,-,
,,,,,,,,,,,,,,,,,,,,
Rumble,23,82.10%,21,2,2,2,0,100%,3.5,1.5,9,8.33,162,5.02,10.1,311,-,-,-,
,,,,,,,,,,,,,,,,,,,,
Vladimir,22,78.60%,14,8,5,3,5,37.50%,4.5,3.5,3.88,2.39,224.63,5.99,11.2,298,-,-,-,
,,,,,,,,,,,,,,,,,,,,
Twisted Fate,22,78.60%,18,4,2,2,2,50%,2,4.5,5.5,1.67,206.5,5.43,11.4,299,-,-,-,
,,,,,,,,,,,,,,,,,,,,
Corki,20,71.40%,5,15,8,8,7,53.30%,4.67,2.73,4.27,3.27,266.13,7.07,12.6,334,-,-,-,
,,,,,,,,,,,,,,,,,,,,
Jarvan IV,20,71.40%,7,13,5,8,5,61.50%,2.77,2.77,10,4.61,152.77,3.75,12.5,306,-,-,-,
,,,,,,,,,,,,,,,,,,,,
Vayne,20,71.40%,12,8,5,4,4,50%,5.75,4.38,5.5,2.57,228.75,6.1,12.1,322,-,-,-,
,,,,,,,,,,,,,,,,,,,,
Janna,19,67.90%,1,18,6,10,8,55.60%,0.28,2.33,9.5,4.19,25.06,0.63,8.1,204,-,-,-,
,,,,,,,,,,,,,,,,,,,,
Ashe,19,67.90%,2,17,8,13,4,76.50%,4.29,2.18,7,5.19,244,6.26,13.2,340,-,-,-,
,,,,,,,,,,,,,,,,,,,,
Nidalee,19,67.90%,15,4,3,3,1,75%,2.5,2,3.5,3,192.25,6.03,9.7,304,-,-,-,
,,,,,,,,,,,,,,,,,,,,
Sona,18,64.30%,3,15,6,9,6,60%,0.53,1.93,8.53,4.69,17.93,0.47,7.7,203,-,-,-,
,,,,,,,,,,,,,,,,,,,,
Amumu,18,64.30%,8,10,6,3,7,30%,1.3,4.1,6.7,1.95,114.7,2.94,9.3,240,-,-,-,
,,,,,,,,,,,,,,,,,,,,
Malzahar,16,57.10%,-,16,6,9,7,56.30%,4.19,2.63,5.81,3.81,224.44,6.12,11.4,310,-,-,-,
,,,,,,,,,,,,,,,,,,,,
Warwick,14,50%,3,11,7,6,5,54.50%,3,2.27,7,4.4,127.82,3.33,9.7,252,-,-,-,
,,,,,,,,,,,,,,,,,,,,
Anivia,14,50%,5,9,4,5,4,55.60%,4.11,2,5.89,5,225.78,5.98,11.7,310,-,-,-,
,,,,,,,,,,,,,,,,,,,,
Taric,13,46.40%,3,10,6,3,7,30%,0.8,3.6,6,1.89,22.3,0.59,7.5,199,-,-,-,
,,,,,,,,,,,,,,,,,,,,
Annie,10,35.70%,2,8,5,4,4,50%,5.25,3.88,7.13,3.19,214.88,5.03,12.3,289,-,-,-,
,,,,,,,,,,,,,,,,,,,,
Karthus,9,32.10%,3,6,4,2,4,33.30%,2.67,7.17,7.83,1.47,218.83,5.23,11.4,274,-,-,-,
,,,,,,,,,,,,,,,,,,,,
Brand,8,28.60%,-,8,3,3,5,37.50%,3.38,2.75,4.38,2.82,213.25,5.41,10.7,272,-,-,-,
,,,,,,,,,,,,,,,,,,,,
Miss Fortune,8,28.60%,-,8,4,2,6,25%,2.63,2.88,2.75,1.87,249.38,6.64,11.3,302,-,-,-,
,,,,,,,,,,,,,,,,,,,,
Soraka,8,28.60%,1,7,5,2,5,28.60%,0.29,2.71,8.71,3.32,17.71,0.5,6.2,174,-,-,-,
,,,,,,,,,,,,,,,,,,,,
Gragas,7,25%,3,4,3,3,1,75%,3.75,1,6.25,10,267,7.08,12.8,339,-,-,-,
,,,,,,,,,,,,,,,,,,,,
Nocturne,7,25%,3,4,3,2,2,50%,3.25,2.75,7.25,3.82,159.5,3.51,12,264,-,-,-,
,,,,,,,,,,,,,,,,,,,,
Irelia,7,25%,3,4,2,1,3,25%,5.5,3.25,6,3.54,262.25,5.69,14.1,306,-,-,-,
,,,,,,,,,,,,,,,,,,,,
Zilean,7,25%,5,2,2,1,1,50%,5,1.5,8,8.67,208.5,5.01,12.4,299,-,-,-,
,,,,,,,,,,,,,,,,,,,,
Akali,7,25%,6,1,1,1,0,100%,7,4,7,3.5,168,4.54,11.1,300,-,-,-,
,,,,,,,,,,,,,,,,,,,,
Singed,6,21.40%,2,4,2,2,2,50%,3.5,2.25,8.75,5.44,251.25,6.15,13.2,322,-,-,-,
,,,,,,,,,,,,,,,,,,,,
Swain,5,17.90%,-,5,4,2,3,40%,2.4,3,4.8,2.4,186.2,5.29,9.3,266,-,-,-,
,,,,,,,,,,,,,,,,,,,,
Caitlyn,4,14.30%,-,4,3,0,4,0%,0.5,3.75,1.25,0.47,220.75,6.96,8.3,261,-,-,-,
,,,,,,,,,,,,,,,,,,,,
Cho'Gath,3,10.70%,-,3,3,1,2,33.30%,1.33,1.67,2.33,2.2,209.33,6.27,9.6,289,-,-,-,
,,,,,,,,,,,,,,,,,,,,
Tristana,3,10.70%,-,3,2,1,2,33.30%,5.67,4.33,0.67,1.46,221.67,6.52,10.9,320,-,-,-,
,,,,,,,,,,,,,,,,,,,,
Trundle,3,10.70%,-,3,3,0,3,0%,0.67,3.33,2,0.8,81,2.76,5.7,194,-,-,-,
,,,,,,,,,,,,,,,,,,,,
Mordekaiser,3,10.70%,2,1,1,1,0,100%,3,0,9,12,324,8.6,14.3,379,-,-,-,
,,,,,,,,,,,,,,,,,,,,
Lee Sin,2,7.10%,-,2,2,1,1,50%,3,5,4,1.4,197,5.47,10.1,279,-,-,-,
,,,,,,,,,,,,,,,,,,,,
Teemo,2,7.10%,-,2,1,1,1,50%,9,3,6.5,5.17,273.5,5.9,16.9,363,-,-,-,
,,,,,,,,,,,,,,,,,,,,
Gangplank,1,3.60%,-,1,1,1,0,100%,3,0,10,13,120,4.15,9.1,315,-,-,-,
,,,,,,,,,,,,,,,,,,,,
Sion,1,3.60%,-,1,1,1,0,100%,2,0,6,8,253,7.54,11.9,355,-,-,-,
,,,,,,,,,,,,,,,,,,,,
Blitzcrank,1,3.60%,-,1,1,0,1,0%,8,4,17,6.25,253,4.71,15.3,285,-,-,-,
,,,,,,,,,,,,,,,,,,,,
Dr. Mundo,1,3.60%,-,1,1,0,1,0%,0,3,1,0.33,167,5.35,6.6,211,-,-,-,
,,,,,,,,,,,,,,,,,,,,
Garen,1,3.60%,-,1,1,0,1,0%,5,5,3,1.6,110,3.71,7.6,256,-,-,-,
,,,,,,,,,,,,,,,,,,,,
Kassadin,1,3.60%,-,1,1,0,1,0%,3,3,0,1,166,5.6,7.4,250,-,-,-,
,,,,,,,,,,,,,,,,,,,,
Lux,1,3.60%,-,1,1,0,1,0%,1,3,1,0.67,98,3.39,5.6,194,-,-,-,
,,,,,,,,,,,,,,,,,,,,
Poppy,1,3.60%,-,1,1,0,1,0%,0,2,4,2,82,2.84,5.8,201,-,-,-,
,,,,,,,,,,,,,,,,,,,,
Rammus,1,3.60%,-,1,1,0,1,0%,1,4,5,1.5,100,2.44,8.8,215,-,-,-,
,,,,,,,,,,,,,,,,,,,,
Urgot,1,3.60%,-,1,1,0,1,0%,2,3,2,1.33,140,4.84,6.5,225,-,-,-,
Champion,G,PB%,B,G,By,W,L,WR,K,D,A,KDA,CS,CS/M,G,G/M,KPAR,KS,GS,As
,,,,,,,,,,,,,,,,,,,,
Ezreal,28,90.30%,4,24,10,11,13,45.80%,4.17,2.42,6.67,4.48,269.63,7.63,12.2,346,-,-,-,
,,,,,,,,,,,,,,,,,,,,
Jayce,26,83.90%,14,12,7,7,5,58.30%,2.67,2.83,6.08,3.09,218.17,6.26,10.6,305,-,-,-,
,,,,,,,,,,,,,,,,,,,,
Shen,24,77.40%,6,18,9,7,11,38.90%,2.78,2.56,5.94,3.41,181.56,5.37,10.1,299,-,-,-,
,,,,,,,,,,,,,,,,,,,,
Sona,23,74.20%,7,16,7,12,4,75%,1.31,2.13,11.69,6.12,23.88,0.67,8.8,247,-,-,-,
,,,,,,,,,,,,,,,,,,,,
Orianna,22,71%,13,9,5,8,1,88.90%,4,1,6.89,10.89,281.44,8.84,12.1,381,-,-,-,
,,,,,,,,,,,,,,,,,,,,
Karthus,21,67.70%,5,16,6,7,9,43.80%,4.25,2.88,5.56,3.41,283.31,8.14,12.2,349,-,-,-,
,,,,,,,,,,,,,,,,,,,,
Maokai,21,67.70%,6,15,6,9,6,60%,1.73,2.13,9.53,5.28,103.87,2.96,9.5,271,-,-,-,
,,,,,,,,,,,,,,,,,,,,
Skarner,21,67.70%,12,9,5,7,2,77.80%,1.56,2.44,6.89,3.45,115.89,3.31,9.4,268,-,-,-,
,,,,,,,,,,,,,,,,,,,,
Anivia,19,61.30%,12,7,3,4,3,57.10%,3.71,1.57,6.43,6.45,308.86,8.55,12.8,355,-,-,-,
,,,,,,,,,,,,,,,,,,,,
Alistar,19,61.30%,14,5,3,2,3,40%,0.6,4,6.6,1.8,26.6,0.8,6.8,204,-,-,-,
,,,,,,,,,,,,,,,,,,,,
Irelia,17,54.80%,9,8,6,4,4,50%,2.5,3.25,4.5,2.15,232.38,7.15,10.4,321,-,-,-,
,,,,,,,,,,,,,,,,,,,,
Blitzcrank,17,54.80%,12,5,5,3,2,60%,1,3,8.6,3.2,17.4,0.46,8.5,224,-,-,-,
,,,,,,,,,,,,,,,,,,,,
Kog'Maw,14,45.20%,4,10,3,6,4,60%,3.4,2.2,5.3,3.95,232.6,7.03,10.6,321,-,-,-,
,,,,,,,,,,,,,,,,,,,,
Vladimir,14,45.20%,5,9,5,5,4,55.60%,4,3,5.44,3.15,275.67,7.65,12.3,341,-,-,-,
,,,,,,,,,,,,,,,,,,,,
Evelynn,14,45.20%,12,2,1,2,0,100%,7,2,9,8,209.5,6.53,12.1,376,-,-,-,
,,,,,,,,,,,,,,,,,,,,
Nunu,13,41.90%,2,11,6,5,6,45.50%,0.73,2.55,5.82,2.57,20.64,0.63,6.8,210,-,-,-,
,,,,,,,,,,,,,,,,,,,,
Yorick,11,35.50%,5,6,3,2,4,33.30%,2.33,2.67,4.67,2.63,209.33,6.24,9.5,282,-,-,-,
,,,,,,,,,,,,,,,,,,,,
Corki,10,32.30%,-,10,7,5,5,50%,3.9,3.1,6.1,3.23,245.4,6.92,11.6,326,-,-,-,
,,,,,,,,,,,,,,,,,,,,
Jax,10,32.30%,5,5,3,3,2,60%,3.2,2.8,5.8,3.21,199.2,6.07,10.2,310,-,-,-,
,,,,,,,,,,,,,,,,,,,,
Dr. Mundo,7,22.60%,-,7,2,5,2,71.40%,0.71,1.71,6,3.92,123.71,3.8,8.4,258,-,-,-,
,,,,,,,,,,,,,,,,,,,,
Graves,7,22.60%,-,7,4,3,4,42.90%,3.14,3.29,4.71,2.39,265.71,7.57,11.5,327,-,-,-,
,,,,,,,,,,,,,,,,,,,,
Leona,7,22.60%,-,7,5,2,5,28.60%,1.14,4.43,8.29,2.13,18,0.53,7.2,211,-,-,-,
,,,,,,,,,,,,,,,,,,,,
Olaf,7,22.60%,2,5,4,2,3,40%,4.6,3.8,7.4,3.16,179.6,4.89,11.3,308,-,-,-,
,,,,,,,,,,,,,,,,,,,,
Lee Sin,7,22.60%,4,3,2,3,0,100%,4.33,3,14.33,6.22,124.67,3.59,10,287,-,-,-,
,,,,,,,,,,,,,,,,,,,,
Nidalee,7,22.60%,4,3,2,3,0,100%,2.67,1.33,6.67,7,281.67,8.39,12.9,383,-,-,-,
,,,,,,,,,,,,,,,,,,,,
Twisted Fate,7,22.60%,7,0,-,0,0,-,-,-,-,-,-,-,-,-,-,-,-,-
,,,,,,,,,,,,,,,,,,,,
Taric,6,19.40%,-,6,5,2,4,33.30%,0.33,2.83,7.17,2.65,13.17,0.38,7,202,-,-,-,
,,,,,,,,,,,,,,,,,,,,
Lulu,6,19.40%,-,6,4,1,5,16.70%,0.83,3.83,4.33,1.35,29.83,0.89,6.8,203,-,-,-,
,,,,,,,,,,,,,,,,,,,,
Lux,6,19.40%,1,5,4,2,3,40%,1.6,1.4,5,4.71,179.4,5.35,10,299,-,-,-,
,,,,,,,,,,,,,,,,,,,,
Shyvana,6,19.40%,1,5,5,0,5,0%,0.8,3.6,4.2,1.39,141.2,3.79,8.1,217,-,-,-,
,,,,,,,,,,,,,,,,,,,,
Malphite,6,19.40%,2,4,3,2,2,50%,1.25,2.25,6.5,3.44,156.25,4.89,8.8,276,-,-,-,
,,,,,,,,,,,,,,,,,,,,
Diana,6,19.40%,3,3,2,1,2,33.30%,3,3.33,4.67,2.3,208.33,5.88,10.2,288,-,-,-,
,,,,,,,,,,,,,,,,,,,,
Udyr,5,16.10%,-,5,4,0,5,0%,0.6,3.8,2.2,0.74,128.4,4.06,7.4,233,-,-,-,
,,,,,,,,,,,,,,,,,,,,
Morgana,5,16.10%,1,4,3,1,3,25%,3.25,2.25,3.5,3,251.5,7.22,10.5,302,-,-,-,
,,,,,,,,,,,,,,,,,,,,
Vayne,4,12.90%,-,4,2,3,1,75%,7.25,2.75,6.5,5,230,7.47,11.7,381,-,-,-,
,,,,,,,,,,,,,,,,,,,,
Zyra,4,12.90%,-,4,2,2,2,50%,0,2.75,9.5,3.45,42.5,1.2,7.8,220,-,-,-,
,,,,,,,,,,,,,,,,,,,,
Cassiopeia,4,12.90%,-,4,2,1,3,25%,4.75,2.75,2.75,2.73,204.75,6.9,9.4,317,-,-,-,
,,,,,,,,,,,,,,,,,,,,
Gragas,4,12.90%,2,2,2,0,2,0%,1,1.5,2.5,2.33,306,7.75,11.2,283,-,-,-,
,,,,,,,,,,,,,,,,,,,,
Katarina,4,12.90%,3,1,1,0,1,0%,1,5,2,0.6,169,6.17,7.1,259,-,-,-,
,,,,,,,,,,,,,,,,,,,,
Miss Fortune,3,9.70%,-,3,1,2,1,66.70%,3.33,3,5.33,2.89,235.33,6.92,11.6,341,-,-,-,
,,,,,,,,,,,,,,,,,,,,
Caitlyn,3,9.70%,-,3,3,1,2,33.30%,2.67,1.33,2.33,3.75,297.67,8.97,11.7,352,-,-,-,
,,,,,,,,,,,,,,,,,,,,
Ryze,3,9.70%,-,3,2,1,2,33.30%,2,3.67,4.33,1.73,172.67,6.44,7.6,284,-,-,-,
,,,,,,,,,,,,,,,,,,,,
Cho'Gath,3,9.70%,1,2,2,1,1,50%,1.5,2,3.5,2.5,125.5,3.24,9.2,236,-,-,-,
,,,,,,,,,,,,,,,,,,,,
Sivir,3,9.70%,3,0,-,0,0,-,-,-,-,-,-,-,-,-,-,-,-,-
,,,,,,,,,,,,,,,,,,,,
Singed,2,6.50%,-,2,1,2,0,100%,3.5,1,6.5,10,287,8.17,13.2,376,-,-,-,
,,,,,,,,,,,,,,,,,,,,
Xin Zhao,2,6.50%,-,2,2,2,0,100%,2,2.5,15.5,7,136,4.24,9.6,299,-,-,-,
,,,,,,,,,,,,,,,,,,,,
Zilean,2,6.50%,-,2,1,1,1,50%,3.5,3.5,8,3.29,212,7.3,9.3,319,-,-,-,
,,,,,,,,,,,,,,,,,,,,
Darius,2,6.50%,-,2,2,0,2,0%,2.5,4,2.5,1.25,188,5.05,8.8,238,-,-,-,
,,,,,,,,,,,,,,,,,,,,
Nocturne,2,6.50%,-,2,2,0,2,0%,2.5,5.5,9,2.09,224.5,4.65,12.9,267,-,-,-,
,,,,,,,,,,,,,,,,,,,,
Ahri,2,6.50%,1,1,1,1,0,100%,6,0,3,9,184,6.13,11.4,380,-,-,-,
,,,,,,,,,,,,,,,,,,,,
Draven,2,6.50%,2,0,-,0,0,-,-,-,-,-,-,-,-,-,-,-,-,-
,,,,,,,,,,,,,,,,,,,,
Amumu,1,3.20%,-,1,1,1,0,100%,4,6,16,3.33,145,3.47,12.4,297,-,-,-,
,,,,,,,,,,,,,,,,,,,,
Soraka,1,3.20%,-,1,1,1,0,100%,1,0,11,12,12,0.34,8.3,232,-,-,-,
,,,,,,,,,,,,,,,,,,,,
Jarvan IV,1,3.20%,-,1,1,0,1,0%,6,3,14,6.67,297,7.16,14,337,-,-,-,
,,,,,,,,,,,,,,,,,,,,
Riven,1,3.20%,-,1,1,0,1,0%,2,6,1,0.5,242,5.97,10.2,251,-,-,-,
,,,,,,,,,,,,,,,,,,,,
Swain,1,3.20%,-,1,1,0,1,0%,8,5,10,3.6,243,5.86,13.2,318,-,-,-,
,,,,,,,,,,,,,,,,,,,,
Tristana,1,3.20%,-,1,1,0,1,0%,0,5,0,0,200,7.01,7,245,-,-,-,
,,,,,,,,,,,,,,,,,,,,
Gangplank,1,3.20%,1,0,-,0,0,-,-,-,-,-,-,-,-,-,-,-,-,-
,,,,,,,,,,,,,,,,,,,,
Twitch,1,3.20%,1,0,-,0,0,-,-,-,-,-,-,-,-,-,-,-,-,-
Champion,G,PB%,B,G,By,W,L,WR,K,D,A,KDA,CS,CS/M,G,G/M,KPAR,KS,GS,As
,,,,,,,,,,,,,,,,,,,,
Zed,63,100%,52,11,9,6,5,54.50%,5.73,3.82,5.36,2.9,230.27,7.33,11.5,365,-,-,-,
,,,,,,,,,,,,,,,,,,,,
Shen,61,96.80%,35,26,13,15,11,57.70%,2.88,2.27,10.12,5.73,201.92,6.08,10.9,329,-,-,-,
,,,,,,,,,,,,,,,,,,,,
Corki,59,93.70%,26,33,12,16,17,48.50%,4.58,2.55,5.06,3.79,249.79,7.73,11.8,364,-,-,-,
,,,,,,,,,,,,,,,,,,,,
Ahri,52,82.50%,26,26,10,12,14,46.20%,4.42,3,5.12,3.18,251.81,7.8,11.6,360,-,-,-,
,,,,,,,,,,,,,,,,,,,,
Zyra,48,76.20%,6,42,12,23,19,54.80%,1.31,2.86,7.45,3.07,33.05,1.03,7,218,-,-,-,
,,,,,,,,,,,,,,,,,,,,
Elise,48,76.20%,11,37,16,16,21,43.20%,2.22,2.95,6.38,2.92,113.08,3.45,8.4,257,-,-,-,
,,,,,,,,,,,,,,,,,,,,
Sona,44,69.80%,8,36,12,13,23,36.10%,0.83,4.31,8.03,2.06,25,0.77,6.7,207,-,-,-,
,,,,,,,,,,,,,,,,,,,,
Orianna,41,65.10%,20,21,10,12,9,57.10%,3.14,2.71,6.48,3.54,261.1,8.93,11,378,-,-,-,
,,,,,,,,,,,,,,,,,,,,
Lee Sin,40,63.50%,14,26,10,16,10,61.50%,2.62,2.15,8,4.93,95.5,3,8.4,265,-,-,-,
,,,,,,,,,,,,,,,,,,,,
Thresh,40,63.50%,22,18,9,9,9,50%,1.33,3.72,8.78,2.72,21.72,0.69,6.7,214,-,-,-,
,,,,,,,,,,,,,,,,,,,,
Aatrox,36,57.10%,16,20,8,12,8,60%,2.35,2.45,5.9,3.37,140.75,4.67,8.6,286,-,-,-,
,,,,,,,,,,,,,,,,,,,,
Fizz,34,54%,22,12,9,6,6,50%,6.25,3.67,5.08,3.09,245.67,6.97,12.6,356,-,-,-,
,,,,,,,,,,,,,,,,,,,,
Renekton,32,50.80%,11,21,8,14,7,66.70%,2.48,1.95,5.52,4.1,228.86,7.14,10.7,333,-,-,-,
,,,,,,,,,,,,,,,,,,,,
Caitlyn,32,50.80%,12,20,9,12,8,60%,4.8,1.9,5.3,5.32,267.8,8.16,12.4,378,-,-,-,
,,,,,,,,,,,,,,,,,,,,
Vi,30,47.60%,17,13,5,7,6,53.80%,2.46,2.77,6.46,3.22,114.62,3.62,8.6,271,-,-,-,
,,,,,,,,,,,,,,,,,,,,
Jarvan IV,26,41.30%,1,25,11,11,14,44%,1.68,3.4,8.84,3.09,96.6,3.04,8,251,-,-,-,
,,,,,,,,,,,,,,,,,,,,
Ezreal,22,34.90%,-,22,12,11,11,50%,5.27,2.45,5.27,4.3,237.86,7.77,11.6,378,-,-,-,
,,,,,,,,,,,,,,,,,,,,
Vayne,22,34.90%,6,16,7,8,8,50%,4,2.63,5.19,3.5,216.75,7.1,10.7,350,-,-,-,
,,,,,,,,,,,,,,,,,,,,
Kassadin,19,30.20%,12,7,5,5,2,71.40%,7.57,2.14,7.43,7,233.14,6.99,12.6,376,-,-,-,
,,,,,,,,,,,,,,,,,,,,
Gragas,18,28.60%,2,16,9,7,9,43.80%,2.69,1.75,3.69,3.64,287.06,8.62,11.8,354,-,-,-,
,,,,,,,,,,,,,,,,,,,,
Zac,17,27%,2,15,6,7,8,46.70%,2.07,2.2,6.2,3.76,190.53,6.35,9.2,307,-,-,-,
,,,,,,,,,,,,,,,,,,,,
Varus,15,23.80%,-,15,8,6,9,40%,5.07,3.33,7,3.62,238,6.85,12,345,-,-,-,
,,,,,,,,,,,,,,,,,,,,
Kennen,15,23.80%,9,6,5,2,4,33.30%,0.83,4.67,4.83,1.21,191.5,5.87,9,277,-,-,-,
,,,,,,,,,,,,,,,,,,,,
Jax,14,22.20%,4,10,4,7,3,70%,3.9,2.6,4.1,3.08,204.8,6.53,10.9,349,-,-,-,
,,,,,,,,,,,,,,,,,,,,
Annie,12,19%,7,5,4,3,2,60%,1.6,5.6,9,1.89,25.2,0.75,7.4,220,-,-,-,
,,,,,,,,,,,,,,,,,,,,
Leona,11,17.50%,1,10,4,7,3,70%,1.1,3.2,10.5,3.63,29.1,0.88,7.3,221,-,-,-,
,,,,,,,,,,,,,,,,,,,,
Twisted Fate,11,17.50%,5,6,4,2,4,33.30%,2,3.17,4.83,2.16,271.67,8.02,12.9,381,-,-,-,
,,,,,,,,,,,,,,,,,,,,
Evelynn,11,17.50%,7,4,2,3,1,75%,5.75,3.25,10.5,5,136.25,3.9,10.6,302,-,-,-,
,,,,,,,,,,,,,,,,,,,,
Rumble,10,15.90%,2,8,5,2,6,25%,2.5,5,8.63,2.23,193.25,5.27,9.8,268,-,-,-,
,,,,,,,,,,,,,,,,,,,,
Lissandra,10,15.90%,4,6,5,3,3,50%,2.83,3,5.17,2.67,231.67,8.1,9.9,346,-,-,-,
,,,,,,,,,,,,,,,,,,,,
Kog'Maw,8,12.70%,1,7,3,5,2,71.40%,4,1.43,5.71,6.8,248.57,7.69,11.8,364,-,-,-,
,,,,,,,,,,,,,,,,,,,,
Fiddlesticks,8,12.70%,2,6,5,4,2,66.70%,1.33,4,11.5,3.21,24.17,0.82,7.2,245,-,-,-,
,,,,,,,,,,,,,,,,,,,,
Twitch,8,12.70%,5,3,2,1,2,33.30%,5,3,6,3.67,254,7.43,12.6,368,-,-,-,
,,,,,,,,,,,,,,,,,,,,
Ashe,7,11.10%,1,6,3,3,3,50%,3.67,2.83,8,4.12,195.5,6.42,10.7,351,-,-,-,
,,,,,,,,,,,,,,,,,,,,
Nocturne,7,11.10%,2,5,3,1,4,20%,1.8,3,4.4,2.07,150.4,4.88,8.5,277,-,-,-,
,,,,,,,,,,,,,,,,,,,,
Vladimir,6,9.50%,-,6,5,2,4,33.30%,2,4.5,3.17,1.15,224.83,7.38,9.8,323,-,-,-,
,,,,,,,,,,,,,,,,,,,,
Singed,6,9.50%,1,5,3,3,2,60%,1.6,2,7.2,4.4,234.8,7.14,10.8,329,-,-,-,
,,,,,,,,,,,,,,,,,,,,
Lulu,5,7.90%,-,5,4,1,4,20%,0,3.6,3.4,0.94,15.8,0.53,5.2,173,-,-,-,
,,,,,,,,,,,,,,,,,,,,
Ryze,5,7.90%,-,5,2,1,4,20%,3.4,4.4,3.8,1.64,218.8,7.33,9.7,324,-,-,-,
,,,,,,,,,,,,,,,,,,,,
Karthus,5,7.90%,2,3,3,1,2,33.30%,5.33,5,5.33,2.13,276.67,7.92,12.4,355,-,-,-,
,,,,,,,,,,,,,,,,,,,,
Nasus,4,6.30%,-,4,3,2,2,50%,1.5,3.5,5.5,2,183.75,6.15,9.1,305,-,-,-,
,,,,,,,,,,,,,,,,,,,,
Nidalee,3,4.80%,-,3,3,2,1,66.70%,2.33,1.67,2.67,3,250.67,7.41,11.7,345,-,-,-,
,,,,,,,,,,,,,,,,,,,,
Diana,3,4.80%,-,3,3,1,2,33.30%,3.33,3.33,4.67,2.4,249,7.85,10.9,345,-,-,-,
,,,,,,,,,,,,,,,,,,,,
Nunu,3,4.80%,-,3,2,1,2,33.30%,1.67,3.67,9.67,3.09,85.33,2.27,9.6,256,-,-,-,
,,,,,,,,,,,,,,,,,,,,
Tristana,3,4.80%,-,3,3,1,2,33.30%,3.33,2.33,2.67,2.57,264.33,7.6,11.7,337,-,-,-,
,,,,,,,,,,,,,,,,,,,,
Malphite,3,4.80%,-,3,3,0,3,0%,1.67,2.67,3.67,2,177,5.91,7.8,260,-,-,-,
,,,,,,,,,,,,,,,,,,,,
Yorick,3,4.80%,1,2,2,1,1,50%,1,2,4.5,2.75,190.5,5.58,9.9,290,-,-,-,
,,,,,,,,,,,,,,,,,,,,
Riven,2,3.20%,-,2,1,2,0,100%,3.5,3,7,3.5,241,7.57,11.9,374,-,-,-,
,,,,,,,,,,,,,,,,,,,,
Nami,2,3.20%,-,2,1,1,1,50%,0,2,10.5,5.25,27.5,0.75,7,191,-,-,-,
,,,,,,,,,,,,,,,,,,,,
Syndra,2,3.20%,-,2,1,1,1,50%,9,3.5,7.5,4.71,271,9.12,13,438,-,-,-,
,,,,,,,,,,,,,,,,,,,,
Shyvana,2,3.20%,-,2,2,0,2,0%,0.5,4.5,1.5,0.44,225.5,6.87,9.2,280,-,-,-,
,,,,,,,,,,,,,,,,,,,,
Blitzcrank,1,1.60%,-,1,1,1,0,100%,4,2,12,8,14,0.47,8.7,290,-,-,-,
,,,,,,,,,,,,,,,,,,,,
Cassiopeia,1,1.60%,-,1,1,1,0,100%,6,0,3,9,319,8.65,15.7,426,-,-,-,
,,,,,,,,,,,,,,,,,,,,
Jayce,1,1.60%,-,1,1,1,0,100%,6,2,11,8.5,237,8.2,13.3,460,-,-,-,
,,,,,,,,,,,,,,,,,,,,
Kayle,1,1.60%,-,1,1,1,0,100%,7,10,13,2,307,6.15,18.4,369,-,-,-,
,,,,,,,,,,,,,,,,,,,,
Sivir,1,1.60%,-,1,1,1,0,100%,7,2,19,13,172,5.73,12.4,413,-,-,-,
,,,,,,,,,,,,,,,,,,,,
Tryndamere,1,1.60%,-,1,1,1,0,100%,5,2,5,5,264,7.67,14,407,-,-,-,
,,,,,,,,,,,,,,,,,,,,
Veigar,1,1.60%,-,1,1,1,0,100%,1,1,4,5,25,0.68,8.8,239,-,-,-,
,,,,,,,,,,,,,,,,,,,,
Volibear,1,1.60%,-,1,1,1,0,100%,8,3,14,7.33,96,2.67,11.7,326,-,-,-,
,,,,,,,,,,,,,,,,,,,,
Dr. Mundo,1,1.60%,-,1,1,0,1,0%,1,7,1,0.29,99,4.14,5.3,221,-,-,-,
,,,,,,,,,,,,,,,,,,,,
Hecarim,1,1.60%,-,1,1,0,1,0%,8,2,7,7.5,173,5.03,11.3,328,-,-,-,
,,,,,,,,,,,,,,,,,,,,
Karma,1,1.60%,-,1,1,0,1,0%,3,7,3,0.86,85,3.55,6.2,259,-,-,-,
,,,,,,,,,,,,,,,,,,,,
Miss Fortune,1,1.60%,-,1,1,0,1,0%,1,3,2,1,214,6.58,9.2,283,-,-,-,
,,,,,,,,,,,,,,,,,,,,
Soraka,1,1.60%,-,1,1,0,1,0%,0,8,8,1,120,4,6.4,213,-,-,-,
,,,,,,,,,,,,,,,,,,,,
Swain,1,1.60%,-,1,1,0,1,0%,2,5,4,1.2,263,7.55,10.7,307,-,-,-,
,,,,,,,,,,,,,,,,,,,,
Teemo,1,1.60%,-,1,1,0,1,0%,3,6,8,1.83,164,4.77,9.3,270,-,-,-,
,,,,,,,,,,,,,,,,,,,,
Xin Zhao,1,1.60%,-,1,1,0,1,0%,1,6,1,0.33,94,2.89,7,215,-,-,-,
,,,,,,,,,,,,,,,,,,,,
Zilean,1,1.60%,-,1,1,0,1,0%,5,7,4,1.29,96,3.2,8.2,273,-,-,-,
,,,,,,,,,,,,,,,,,,,,
Ziggs,1,1.60%,1,0,-,0,0,-,-,-,-,-,-,-,-,-,-,-,-,-
Champion,G,PB%,B,G,By,W,L,WR,K,D,A,KDA,CS,CS/M,G,G/M,KPAR,KS,GS,As
,,,,,,,,,,,,,,,,,,,,
Alistar,78,100%,73,5,5,4,1,80%,2,2.6,8.2,3.92,163.8,5.31,10.1,327,72.90%,14.30%,19.40%,
,,,,,,,,,,,,,,,,,,,,
Zilean,75,96.20%,62,13,11,6,7,46.20%,2.23,2.62,7.08,3.56,150.08,4.21,10.8,302,68.80%,16.50%,18.70%,
,,,,,,,,,,,,,,,,,,,,
Lee Sin,72,92.30%,29,43,16,24,19,55.80%,2.91,2.74,7.21,3.69,102.6,2.84,10.4,287,65.90%,18.90%,17.50%,
,,,,,,,,,,,,,,,,,,,,
Maokai,72,92.30%,45,27,12,17,10,63%,2.7,3.11,9.59,3.95,221.52,6.16,12.3,342,67.90%,14.90%,19.90%,
,,,,,,,,,,,,,,,,,,,,
Ryze,68,87.20%,31,37,14,22,15,59.50%,3.49,3.16,5.54,2.85,232.95,6.65,12.3,351,61.60%,23.80%,21%,
,,,,,,,,,,,,,,,,,,,,
Kha'Zix,66,84.60%,8,58,18,25,33,43.10%,2.98,2.57,4.79,3.03,137.84,3.8,10.8,299,61.10%,23.40%,18.80%,
,,,,,,,,,,,,,,,,,,,,
Thresh,63,80.80%,19,44,15,24,20,54.50%,0.8,3.34,9.84,3.18,31.27,0.88,8.4,237,68.10%,5.10%,14.30%,
,,,,,,,,,,,,,,,,,,,,
Lucian,61,78.20%,17,44,15,23,21,52.30%,4.77,2.36,4.93,4.11,325.05,8.68,15.1,404,69%,33.90%,24.60%,
,,,,,,,,,,,,,,,,,,,,
Janna,53,67.90%,8,45,14,28,17,62.20%,0.33,2.11,11.13,5.43,19.87,0.55,9.2,255,73.50%,2.10%,15.30%,
,,,,,,,,,,,,,,,,,,,,
Rumble,40,51.30%,15,25,11,13,12,52%,2.72,3.76,7.88,2.82,211,5.34,12.3,310,63.70%,16.30%,19.20%,
,,,,,,,,,,,,,,,,,,,,
Tristana,39,50%,7,32,15,12,20,37.50%,3.94,2.19,3.41,3.36,299.78,8.73,13.3,388,68.30%,36.60%,25.10%,
,,,,,,,,,,,,,,,,,,,,
Zed,38,48.70%,19,19,9,9,10,47.40%,4.53,3.58,4.32,2.47,306.79,7.88,14.4,369,63.20%,32.30%,23.20%,
,,,,,,,,,,,,,,,,,,,,
Twitch,35,44.90%,11,24,9,17,7,70.80%,5.96,2.42,7.58,5.6,225.63,6.6,13.1,383,63.60%,28%,21.60%,
,,,,,,,,,,,,,,,,,,,,
Rengar,33,42.30%,19,14,6,12,2,85.70%,4.36,2.43,9.57,5.74,117.07,3.42,11.6,338,65%,20.30%,18.30%,
,,,,,,,,,,,,,,,,,,,,
Orianna,32,41%,5,27,12,14,13,51.90%,3.22,2.7,5.7,3.3,300.63,8.41,13.2,368,73.50%,26.50%,23.20%,
,,,,,,,,,,,,,,,,,,,,
Yasuo,30,38.50%,15,15,8,10,5,66.70%,4.07,2.27,6,4.44,285.73,8.89,13,405,59.70%,24.10%,23.40%,
,,,,,,,,,,,,,,,,,,,,
Nami,29,37.20%,3,26,12,10,16,38.50%,0.88,3.27,8.15,2.76,18.58,0.48,9.2,239,73.70%,7.20%,15.20%,
,,,,,,,,,,,,,,,,,,,,
Syndra,25,32.10%,11,14,9,5,9,35.70%,4.21,3.64,5.07,2.55,337.21,8.13,15.1,365,64.40%,29.20%,23.50%,
,,,,,,,,,,,,,,,,,,,,
Nidalee,25,32.10%,17,8,6,1,7,12.50%,2.25,5.25,2.75,0.95,231.38,6.21,11.5,309,48.20%,21.70%,20.70%,
,,,,,,,,,,,,,,,,,,,,
Fizz,24,30.80%,11,13,7,5,8,38.50%,5,3.08,4.31,3.03,247.08,7.46,12.1,365,62.70%,33.70%,23%,
,,,,,,,,,,,,,,,,,,,,
Corki,22,28.20%,-,22,7,12,10,54.50%,4.14,2.36,5.32,4,275.45,7.82,13.3,379,63%,27.60%,22.80%,
,,,,,,,,,,,,,,,,,,,,
Irelia,21,26.90%,6,15,7,10,5,66.70%,3,1.4,6.2,6.57,238.27,6.77,12.3,351,63.60%,20.70%,20.90%,
,,,,,,,,,,,,,,,,,,,,
Jayce,20,25.60%,8,12,6,7,5,58.30%,3.83,2.5,6.67,4.2,244.08,7.26,12.6,375,66%,24.10%,21.90%,
,,,,,,,,,,,,,,,,,,,,
Jarvan IV,18,23.10%,1,17,10,6,11,35.30%,1.71,3.59,8.94,2.97,112.76,3.15,10.1,282,79.70%,12.80%,17.90%,
,,,,,,,,,,,,,,,,,,,,
Kog'Maw,17,21.80%,1,16,9,7,9,43.80%,3.63,2.5,5.25,3.55,294.69,7.21,14.6,357,71.40%,29.10%,22.90%,
,,,,,,,,,,,,,,,,,,,,
Lulu,17,21.80%,2,15,10,5,10,33.30%,1.27,2.6,4,2.03,243.07,6.72,11.4,316,64.20%,15.40%,20.90%,
,,,,,,,,,,,,,,,,,,,,
Elise,16,20.50%,1,15,9,5,10,33.30%,1.47,3.33,4.07,1.66,114.8,2.96,10.1,260,52.20%,13.80%,16.90%,
,,,,,,,,,,,,,,,,,,,,
Kayle,15,19.20%,2,13,10,5,8,38.50%,1.62,3.08,6.62,2.68,221.54,6.19,11.3,316,68.20%,13.40%,20.60%,
,,,,,,,,,,,,,,,,,,,,
Twisted Fate,14,17.90%,6,8,4,3,5,37.50%,4.88,3.38,6.63,3.41,296.25,8.7,14.9,439,68.10%,28.90%,25.90%,
,,,,,,,,,,,,,,,,,,,,
Ahri,13,16.70%,1,12,8,5,7,41.70%,3.58,2.58,4.58,3.16,300.25,7.72,14,361,69%,30.30%,23%,
,,,,,,,,,,,,,,,,,,,,
Braum,12,15.40%,-,12,9,6,6,50%,0.08,3.75,9.42,2.53,36.75,1.14,7.8,242,69.10%,0.60%,14.80%,
,,,,,,,,,,,,,,,,,,,,
Morgana,12,15.40%,-,12,6,6,6,50%,0.5,3.17,8.75,2.92,24.83,0.63,10.2,261,67.30%,3.60%,15.90%,
,,,,,,,,,,,,,,,,,,,,
Dr. Mundo,10,12.80%,-,10,5,1,9,10%,1.7,3.1,3.2,1.58,230.8,6.32,11,302,53.30%,18.50%,20.60%,
,,,,,,,,,,,,,,,,,,,,
Kassadin,10,12.80%,2,8,6,5,3,62.50%,4.38,2.5,6.75,4.45,246.88,6.96,13,367,63.60%,25%,21.60%,
,,,,,,,,,,,,,,,,,,,,
Jinx,10,12.80%,3,7,3,2,5,28.60%,1.71,4.29,5,1.57,227.43,6.72,10.8,318,61%,15.60%,22.20%,
,,,,,,,,,,,,,,,,,,,,
Talon,7,9%,-,7,4,3,4,42.90%,2.86,5.29,5,1.49,258.57,7.69,12.2,363,53.40%,19.40%,22.20%,
,,,,,,,,,,,,,,,,,,,,
Xerath,6,7.70%,-,6,6,2,4,33.30%,1.5,1.67,2.5,2.4,332.83,8.96,13,350,64.90%,24.30%,23.80%,
,,,,,,,,,,,,,,,,,,,,
Aatrox,6,7.70%,6,0,-,0,0,-,-,-,-,-,-,-,-,-,-,-,-,-
,,,,,,,,,,,,,,,,,,,,
Vayne,4,5.10%,-,4,3,3,1,75%,5.25,0.75,4.75,13.33,293,8.67,13.8,408,63.50%,33.30%,23.80%,
,,,,,,,,,,,,,,,,,,,,
Leona,3,3.80%,-,3,2,1,2,33.30%,1.67,3.33,5.33,2.1,40.67,1.05,7.7,200,45.70%,10.90%,13.60%,
,,,,,,,,,,,,,,,,,,,,
Pantheon,3,3.80%,-,3,2,1,2,33.30%,5,5,3.67,1.73,85,3.05,8.3,299,60.50%,34.90%,19.10%,
,,,,,,,,,,,,,,,,,,,,
Blitzcrank,3,3.80%,-,3,1,0,3,0%,1.33,6.33,7,1.32,23.33,0.8,6.3,216,71.40%,11.40%,15.70%,
,,,,,,,,,,,,,,,,,,,,
Sona,3,3.80%,-,3,2,0,3,0%,0.33,4,4.33,1.17,12,0.4,6.2,207,73.70%,5.30%,14.30%,
,,,,,,,,,,,,,,,,,,,,
Rammus,3,3.80%,1,2,2,2,0,100%,2,3,11.5,4.5,97.5,2.62,10.7,286,71.10%,10.50%,16.20%,
,,,,,,,,,,,,,,,,,,,,
Evelynn,2,2.60%,-,2,2,2,0,100%,3,1,12,15,113.5,2.97,12.8,334,63.80%,12.80%,18.80%,
,,,,,,,,,,,,,,,,,,,,
Caitlyn,2,2.60%,-,2,1,1,1,50%,5.5,2,4,4.75,487.5,9.43,21.4,414,63.30%,36.70%,25.10%,
,,,,,,,,,,,,,,,,,,,,
Graves,2,2.60%,-,2,2,1,1,50%,3.5,2.5,6,3.8,252.5,7.62,12,362,51.40%,18.90%,22.30%,
,,,,,,,,,,,,,,,,,,,,
Singed,2,2.60%,-,2,1,1,1,50%,3.5,2.5,13,6.6,277.5,8.23,13.3,395,70.20%,14.90%,22%,
,,,,,,,,,,,,,,,,,,,,
Ziggs,2,2.60%,-,2,2,1,1,50%,2,1.5,5,4.67,354.5,8.43,14.7,348,50%,14.30%,22.60%,
,,,,,,,,,,,,,,,,,,,,
Ezreal,2,2.60%,-,2,2,0,2,0%,3,1,2,5,226.5,6.37,10.8,305,47.60%,28.60%,22.10%,
,,,,,,,,,,,,,,,,,,,,
Akali,1,1.30%,-,1,1,1,0,100%,9,0,8,17,188,6.52,12.8,444,70.80%,37.50%,21.60%,
,,,,,,,,,,,,,,,,,,,,
Fiddlesticks,1,1.30%,-,1,1,1,0,100%,5,4,10,3.75,112,2.6,12.3,286,75%,25%,17.90%,
,,,,,,,,,,,,,,,,,,,,
Katarina,1,1.30%,-,1,1,1,0,100%,12,2,16,14,195,6.65,14.7,501,71.80%,30.80%,21.90%,
,,,,,,,,,,,,,,,,,,,,
Lissandra,1,1.30%,-,1,1,1,0,100%,4,2,11,7.5,363,9.66,16.6,442,57.70%,15.40%,22.40%,
,,,,,,,,,,,,,,,,,,,,
Riven,1,1.30%,-,1,1,1,0,100%,0,2,4,2,345,7.62,16.3,360,36.40%,0%,21.30%,
,,,,,,,,,,,,,,,,,,,,
Swain,1,1.30%,-,1,1,1,0,100%,1,8,9,1.25,211,4.17,13.6,269,47.60%,4.80%,16.10%,
,,,,,,,,,,,,,,,,,,,,
Galio,1,1.30%,-,1,1,0,1,0%,0,7,3,0.43,165,5.07,7.9,243,27.30%,0%,17%,
,,,,,,,,,,,,,,,,,,,,
Nunu,1,1.30%,-,1,1,0,1,0%,0,5,2,0.4,93,2.8,7.4,223,100%,0%,16.70%,
,,,,,,,,,,,,,,,,,,,,
Varus,1,1.30%,-,1,1,0,1,0%,3,3,0,1,221,7.67,9.1,316,100%,100%,26.90%,
,,,,,,,,,,,,,,,,,,,,
Vi,1,1.30%,-,1,1,0,1,0%,0,7,1,0.14,112,3.23,7.5,216,50%,0%,16.90%,
,,,,,,,,,,,,,,,,,,,,
Gragas,1,1.30%,1,0,-,0,0,-,-,-,-,-,-,-,-,-,-,-,-,-
Champion,G,PB%,B,G,By,W,L,WR,K,D,A,KDA,CS,CS/M,G,G/M,KPAR,KS,GS,As
,,,,,,,,,,,,,,,,,,,,
Gangplank,73,100%,69,4,4,4,0,100%,3.5,1.25,6.25,7.8,225.25,7.77,12.6,434,66.10%,23.70%,23.40%,
,,,,,,,,,,,,,,,,,,,,
Mordekaiser,72,98.60%,68,4,4,4,0,100%,6.5,1,11.25,17.75,246.25,7.37,14,420,84.50%,31%,22.60%,
,,,,,,,,,,,,,,,,,,,,
Elise,71,97.30%,32,39,14,26,13,66.70%,2.46,2.36,6.41,3.76,107.56,3,10.8,301,62.10%,17.20%,17.90%,
,,,,,,,,,,,,,,,,,,,,
Lulu,69,94.50%,43,26,16,13,13,50%,1.96,1.96,7.15,4.65,270.85,7.5,12.4,344,74.30%,16%,21.50%,
,,,,,,,,,,,,,,,,,,,,
Rek'Sai,56,76.70%,19,37,10,15,22,40.50%,1.35,2.54,7.54,3.5,122.62,3.35,11,300,72.60%,11%,18.40%,
,,,,,,,,,,,,,,,,,,,,
Kalista,54,74%,25,29,13,14,15,48.30%,4.34,2.24,4.9,4.12,295.76,8.39,13.5,383,74.70%,35.10%,23.70%,
,,,,,,,,,,,,,,,,,,,,
Darius,53,72.60%,15,38,16,19,19,50%,3.61,3.34,3.76,2.2,235.82,6.83,11.8,341,56.90%,27.80%,20.80%,
,,,,,,,,,,,,,,,,,,,,
Azir,42,57.50%,28,14,8,10,4,71.40%,3.5,2.64,6.43,3.76,316.43,8.92,14,394,71.60%,25.30%,22.90%,
,,,,,,,,,,,,,,,,,,,,
Thresh,35,47.90%,6,29,14,13,16,44.80%,0.76,3.03,8.24,2.97,33.48,0.95,7.7,219,70%,5.90%,13.40%,
,,,,,,,,,,,,,,,,,,,,
Tahm Kench,34,46.60%,20,14,7,10,4,71.40%,0.79,2.43,9.79,4.35,40.07,1.09,8.6,232,63.80%,4.70%,13.70%,
,,,,,,,,,,,,,,,,,,,,
Alistar,33,45.20%,3,30,11,15,15,50%,0.3,2.73,9.67,3.65,40.43,1.12,8.2,227,80.20%,2.40%,13.90%,
,,,,,,,,,,,,,,,,,,,,
Jinx,33,45.20%,4,29,13,15,14,51.70%,5.07,2.34,5.21,4.38,332.79,8.83,15.3,407,73%,36%,24.80%,
,,,,,,,,,,,,,,,,,,,,
Gragas,33,45.20%,4,29,12,13,16,44.80%,1.28,3.03,6.97,2.72,109.76,3.02,10.1,278,64.90%,10.10%,17.10%,
,,,,,,,,,,,,,,,,,,,,
Lee Sin,28,38.40%,10,18,7,9,9,50%,2.5,2.78,8,3.78,91.67,2.77,9.7,292,75.30%,17.90%,17.80%,
,,,,,,,,,,,,,,,,,,,,
Twisted Fate,28,38.40%,16,12,8,7,5,58.30%,3.83,2.58,6.92,4.16,275,8.37,13.8,420,75.90%,27.10%,24.90%,
,,,,,,,,,,,,,,,,,,,,
Tristana,27,37%,-,27,11,11,16,40.70%,3.3,2.15,4.19,3.48,297.7,8.48,13.5,384,71.10%,31.30%,24.30%,
,,,,,,,,,,,,,,,,,,,,
Braum,24,32.90%,3,21,14,8,13,38.10%,0.48,2.9,8.1,2.95,40.14,1.18,7.6,223,78.60%,4.40%,13.90%,
,,,,,,,,,,,,,,,,,,,,
Fiora,23,31.50%,4,19,6,11,8,57.90%,3.63,2.95,4.05,2.61,294.37,8.15,13.7,380,61.30%,29%,22.90%,
,,,,,,,,,,,,,,,,,,,,
Gnar,21,28.80%,2,19,12,8,11,42.10%,2.63,3.26,6.63,2.84,237.58,6.58,12,333,65.70%,18.70%,20.40%,
,,,,,,,,,,,,,,,,,,,,
Kennen,21,28.80%,5,16,10,8,8,50%,2.75,3.69,6.69,2.56,197.81,5.11,12.3,318,57.20%,16.70%,18.70%,
,,,,,,,,,,,,,,,,,,,,
Morgana,20,27.40%,2,18,8,8,10,44.40%,0.33,2.72,8.61,3.29,36.33,0.99,8.8,239,72.50%,2.70%,14.70%,
,,,,,,,,,,,,,,,,,,,,
Sivir,19,26%,-,19,8,9,10,47.40%,3.37,2.37,6.47,4.16,324.63,9.05,14.6,408,77.90%,26.70%,24.50%,
,,,,,,,,,,,,,,,,,,,,
Viktor,18,24.70%,1,17,8,8,9,47.10%,3.76,1.82,4.12,4.32,330.71,9.33,13.9,392,62%,29.60%,23.90%,
,,,,,,,,,,,,,,,,,,,,
Veigar,18,24.70%,10,8,5,3,5,37.50%,3.88,3,5.38,3.08,297.5,8.17,13.4,367,78.70%,33%,23.10%,
,,,,,,,,,,,,,,,,,,,,
LeBlanc,17,23.30%,6,11,6,6,5,54.50%,5.09,1.45,4.91,6.88,314.91,8.16,14.5,375,65.50%,33.30%,22.50%,
,,,,,,,,,,,,,,,,,,,,
Shen,15,20.50%,3,12,5,10,2,83.30%,0.92,2.75,11.08,4.36,69.92,1.87,9.6,258,69.60%,5.30%,14.50%,
,,,,,,,,,,,,,,,,,,,,
Malphite,14,19.20%,4,10,7,3,7,30%,1.8,1.8,5.2,3.89,247.5,6.29,12.1,307,57.90%,14.90%,19.60%,
,,,,,,,,,,,,,,,,,,,,
Ashe,13,17.80%,4,9,3,5,4,55.60%,3,1.56,6.44,6.07,293.11,8.6,13.3,390,65.40%,20.80%,23.10%,
,,,,,,,,,,,,,,,,,,,,
Orianna,12,16.40%,-,12,6,3,9,25%,2.58,3.08,4.5,2.3,362.25,9.32,14.8,381,69.70%,25.40%,24.10%,
,,,,,,,,,,,,,,,,,,,,
Olaf,12,16.40%,2,10,7,4,6,40%,4.3,2.6,4.6,3.42,236.7,6.67,12,339,65.90%,31.90%,21%,
,,,,,,,,,,,,,,,,,,,,
Yasuo,12,16.40%,6,6,6,2,4,33.30%,3.33,4,6.5,2.46,302.17,8.49,13.3,374,79.70%,27%,23.80%,
,,,,,,,,,,,,,,,,,,,,
Riven,10,13.70%,-,10,5,5,5,50%,3.4,3.6,4.1,2.08,286.8,8.2,13.3,380,59.50%,27%,22.50%,
,,,,,,,,,,,,,,,,,,,,
Annie,10,13.70%,1,9,7,4,5,44.40%,1.22,3,8,3.07,18.89,0.53,8.3,231,75.50%,10%,14.40%,
,,,,,,,,,,,,,,,,,,,,
Renekton,10,13.70%,4,6,3,4,2,66.70%,3.67,1.83,4.17,4.27,309.67,8.85,13.9,397,55.30%,25.90%,22.60%,
,,,,,,,,,,,,,,,,,,,,
Ekko,9,12.30%,-,9,9,3,6,33.30%,3.11,3.44,6.89,2.9,282.89,7.61,13.4,360,68.20%,21.20%,21.90%,
,,,,,,,,,,,,,,,,,,,,
Fizz,9,12.30%,5,4,1,2,2,50%,4,2,3.75,3.88,263.5,7.37,12.4,347,59.60%,30.80%,21.50%,
,,,,,,,,,,,,,,,,,,,,
Kog'Maw,8,11%,1,7,4,3,4,42.90%,6,2.57,5.43,4.44,362,8.56,16.7,395,81.60%,42.90%,24.20%,
,,,,,,,,,,,,,,,,,,,,
Ryze,8,11%,2,6,2,5,1,83.30%,4.83,1.33,5.17,7.5,244.33,8.44,11.8,406,65.20%,31.50%,22.20%,
,,,,,,,,,,,,,,,,,,,,
Kassadin,7,9.60%,-,7,3,5,2,71.40%,5.29,1.86,8,7.15,292.29,7.48,14.5,372,74.40%,29.60%,22%,
,,,,,,,,,,,,,,,,,,,,
Vayne,7,9.60%,1,6,5,2,4,33.30%,4.33,2.83,3.83,2.88,239.5,7.47,11.8,367,60.50%,32.10%,23.20%,
,,,,,,,,,,,,,,,,,,,,
Anivia,6,8.20%,-,6,2,4,2,66.70%,1.5,2.67,4,2.06,368.67,9.29,14.8,373,55%,15%,23.20%,
,,,,,,,,,,,,,,,,,,,,
Rumble,6,8.20%,1,5,1,4,1,80%,5.8,3,5.8,3.87,272.2,7.88,13.6,394,59.80%,29.90%,22.20%,
,,,,,,,,,,,,,,,,,,,,
Diana,6,8.20%,2,4,3,2,2,50%,3.75,3.75,5.75,2.53,316,8.47,14.4,387,58.50%,23.10%,22.70%,
,,,,,,,,,,,,,,,,,,,,
Nidalee,6,8.20%,3,3,3,3,0,100%,4,2,9.33,6.67,169.33,4.31,14.8,377,63.50%,19%,20.20%,
,,,,,,,,,,,,,,,,,,,,
Varus,6,8.20%,4,2,2,1,1,50%,2,5,6,1.6,281,8.14,12.4,361,84.20%,21.10%,22%,
,,,,,,,,,,,,,,,,,,,,
Jarvan IV,5,6.80%,-,5,3,4,1,80%,2.2,3.4,10.2,3.65,132.8,3.46,11.9,310,74.70%,13.30%,17.60%,
,,,,,,,,,,,,,,,,,,,,
Caitlyn,5,6.80%,-,5,3,3,2,60%,2.4,1.6,3.6,3.75,332.8,8.71,14.7,386,57.70%,23.10%,23.70%,
,,,,,,,,,,,,,,,,,,,,
Hecarim,5,6.80%,-,5,4,2,3,40%,3.4,2.4,6.4,4.08,246.8,7.25,12.4,365,81.70%,28.30%,22.10%,
,,,,,,,,,,,,,,,,,,,,
Lissandra,4,5.50%,-,4,4,2,2,50%,2.75,3.75,9.75,3.33,272.25,8.14,12.6,375,73.50%,16.20%,22%,
,,,,,,,,,,,,,,,,,,,,
Evelynn,4,5.50%,-,4,3,1,3,25%,1.25,4,5,1.56,103,2.69,10,261,62.50%,12.50%,17.10%,
,,,,,,,,,,,,,,,,,,,,
Janna,3,4.10%,-,3,3,2,1,66.70%,0,2,13.33,6.67,17.33,0.43,9.6,237,81.60%,0%,14.10%,
,,,,,,,,,,,,,,,,,,,,
Ahri,3,4.10%,-,3,3,1,2,33.30%,3,1,8,11,357,9.08,15.3,389,86.80%,23.70%,23.70%,
,,,,,,,,,,,,,,,,,,,,
Skarner,3,4.10%,-,3,3,1,2,33.30%,0.67,1.67,4.67,3.2,96.67,3.02,8.9,279,69.60%,8.70%,17.20%,
,,,,,,,,,,,,,,,,,,,,
Maokai,3,4.10%,-,3,2,0,3,0%,0.67,3.33,2.33,0.9,157.33,5.22,7.7,257,69.20%,15.40%,18.50%,
,,,,,,,,,,,,,,,,,,,,
Zac,2,2.70%,-,2,1,2,0,100%,0,2,15.5,7.75,95.5,2.16,11.7,263,64.60%,0%,15.10%,
,,,,,,,,,,,,,,,,,,,,
Bard,2,2.70%,-,2,2,0,2,0%,1.5,5,7,1.7,30.5,0.86,8,224,60.70%,10.70%,14.40%,
,,,,,,,,,,,,,,,,,,,,
Irelia,2,2.70%,-,2,2,0,2,0%,2.5,4.5,1.5,0.89,228,6.65,10.3,299,61.50%,38.50%,22.10%,
,,,,,,,,,,,,,,,,,,,,
Rengar,2,2.70%,-,2,2,0,2,0%,2,3,4,2,95.5,3.15,8.7,285,70.60%,23.50%,18.90%,
,,,,,,,,,,,,,,,,,,,,
Zed,2,2.70%,-,2,2,0,2,0%,3.5,3,3.5,2.33,250,7.17,12.2,348,58.30%,29.20%,22.90%,
,,,,,,,,,,,,,,,,,,,,
Draven,1,1.40%,-,1,1,1,0,100%,5,1,7,12,241,7.17,14.6,435,57.10%,23.80%,23%,
,,,,,,,,,,,,,,,,,,,,
Graves,1,1.40%,-,1,1,1,0,100%,9,2,6,7.5,356,8.97,17.3,436,68.20%,40.90%,23.80%,
,,,,,,,,,,,,,,,,,,,,
Karthus,1,1.40%,-,1,1,1,0,100%,4,3,10,4.67,274,9.17,12.8,428,73.70%,21.10%,23%,
,,,,,,,,,,,,,,,,,,,,
Leona,1,1.40%,-,1,1,1,0,100%,0,3,7,2.33,60,2.42,7,283,43.80%,0%,14.60%,
,,,,,,,,,,,,,,,,,,,,
Lucian,1,1.40%,-,1,1,1,0,100%,7,4,11,4.5,295,8.03,15.3,417,81.80%,31.80%,22.30%,
,,,,,,,,,,,,,,,,,,,,
Vladimir,1,1.40%,-,1,1,1,0,100%,0,3,8,2.67,318,7.31,14.9,343,50%,0%,19.90%,
,,,,,,,,,,,,,,,,,,,,
Blitzcrank,1,1.40%,-,1,1,0,1,0%,1,5,2,0.6,16,0.55,5.8,198,75%,25%,14.50%,
,,,,,,,,,,,,,,,,,,,,
Brand,1,1.40%,-,1,1,0,1,0%,1,6,10,1.83,29,0.83,8.6,246,78.60%,7.10%,15.20%,
,,,,,,,,,,,,,,,,,,,,
Cassiopeia,1,1.40%,-,1,1,0,1,0%,1,1,4,5,341,8.61,13.2,333,50%,10%,21.90%,
,,,,,,,,,,,,,,,,,,,,
Jayce,1,1.40%,-,1,1,0,1,0%,1,2,7,4,359,9.33,14.7,382,50%,6.30%,22.40%,
,,,,,,,,,,,,,,,,,,,,
Nautilus,1,1.40%,-,1,1,0,1,0%,0,6,9,1.5,72,1.66,9.4,217,50%,0%,12.70%,
,,,,,,,,,,,,,,,,,,,,
Nunu,1,1.40%,-,1,1,0,1,0%,1,5,11,2.4,92,2.63,10,286,85.70%,7.10%,17.70%,
,,,,,,,,,,,,,,,,,,,,
Syndra,1,1.40%,-,1,1,0,1,0%,2,1,3,5,510,9.2,19.8,357,83.30%,33.30%,25.10%,
,,,,,,,,,,,,,,,,,,,,
Twitch,1,1.40%,-,1,1,0,1,0%,4,4,2,1.5,213,6.43,10.4,314,50%,33.30%,20.80%,
,,,,,,,,,,,,,,,,,,,,
Vi,1,1.40%,-,1,1,0,1,0%,0,6,1,0.17,128,2.94,10.6,244,10%,0%,16%,
Champion,G,PB%,B,G,By,W,L,WR,K,D,A,KDA,CS,CS/M,G,G/M,KPAR,KS,GS,As
,,,,,,,,,,,,,,,,,,,,
Nidalee,77,100%,66,11,10,8,3,72.70%,2.55,2.82,5.45,2.84,195.82,4.92,15.1,380,62%,19.70%,20.40%,
,,,,,,,,,,,,,,,,,,,,
Syndra,75,97.40%,59,16,10,10,6,62.50%,4.81,2.5,4.38,3.68,338.31,9.09,15.5,418,62.60%,32.80%,22.70%,
,,,,,,,,,,,,,,,,,,,,
Olaf,59,76.60%,23,36,14,18,18,50%,2.5,2.28,5.69,3.6,160.17,4.16,13.1,341,65.80%,20.10%,19.10%,
,,,,,,,,,,,,,,,,,,,,
Karma,58,75.30%,16,42,16,19,23,45.20%,0.57,2.52,6.88,2.95,62.07,1.62,10.3,267,68.20%,5.20%,15.20%,
,,,,,,,,,,,,,,,,,,,,
Jhin,51,66.20%,12,39,13,24,15,61.50%,3.87,1.9,5.95,5.18,324.64,8.25,15.7,398,66.70%,26.30%,21.70%,
,,,,,,,,,,,,,,,,,,,,
Elise,50,64.90%,21,29,15,10,19,34.50%,2.21,2.59,4.93,2.76,149.14,3.97,12.6,336,65.50%,20.30%,19.50%,
,,,,,,,,,,,,,,,,,,,,
Caitlyn,49,63.60%,15,34,11,16,18,47.10%,2.74,2.18,4.21,3.19,364.35,9.46,15.9,412,61.50%,24.20%,23.30%,
,,,,,,,,,,,,,,,,,,,,
Jayce,47,61%,21,26,15,15,11,57.70%,2.73,2.85,5.31,2.82,306.65,8.52,14.4,399,62.20%,21.10%,22%,
,,,,,,,,,,,,,,,,,,,,
Ryze,46,59.70%,27,19,11,10,9,52.60%,3.74,1.79,4.47,4.59,322.74,9.06,14.7,412,63.90%,29.10%,22.90%,
,,,,,,,,,,,,,,,,,,,,
Lee Sin,45,58.40%,8,37,13,21,16,56.80%,2.7,2.38,6.3,3.78,152.84,3.83,13.6,341,65.80%,19.80%,18.80%,
,,,,,,,,,,,,,,,,,,,,
Rumble,41,53.20%,9,32,13,16,16,50%,2.38,3.41,4.81,2.11,296.31,7.89,13.9,371,57.20%,18.90%,21%,
,,,,,,,,,,,,,,,,,,,,
Ezreal,39,50.60%,7,32,12,11,21,34.40%,3.81,2.22,3.66,3.37,330.75,8.6,15.2,394,67.70%,34.60%,22.90%,
,,,,,,,,,,,,,,,,,,,,
Poppy,38,49.40%,9,29,11,14,15,48.30%,1.66,2.1,4.66,3,309.31,7.45,14.7,354,56.30%,14.80%,20.20%,
,,,,,,,,,,,,,,,,,,,,
Kennen,37,48.10%,14,23,12,12,11,52.20%,2.78,3.39,4.65,2.19,296.57,7.64,14.4,370,56.40%,21.10%,20.60%,
,,,,,,,,,,,,,,,,,,,,
Rek'Sai,34,44.20%,16,18,12,8,10,44.40%,1.44,2.5,7.06,3.4,168.44,4.49,13.1,350,66.20%,11.30%,19.60%,
,,,,,,,,,,,,,,,,,,,,
Aurelion Sol,32,41.60%,20,12,10,8,4,66.70%,4.92,2.5,6.67,4.63,286.08,7.58,14.6,387,76.80%,32.60%,21.30%,
,,,,,,,,,,,,,,,,,,,,
Sivir,31,40.30%,11,20,11,10,10,50%,2.3,1.65,5.85,4.94,354.95,9.91,15.1,421,64.20%,18.10%,23.50%,
,,,,,,,,,,,,,,,,,,,,
Gnar,30,39%,12,18,12,7,11,38.90%,2.06,2.61,4.06,2.34,290.61,7.82,13.6,367,47.80%,16.10%,20.80%,
,,,,,,,,,,,,,,,,,,,,
Viktor,29,37.70%,6,23,8,13,10,56.50%,3.7,2.39,3.61,3.05,366.7,9.29,16.4,416,59.20%,29.90%,22.80%,
,,,,,,,,,,,,,,,,,,,,
Alistar,28,36.40%,5,23,16,15,8,65.20%,0.61,2.61,8.48,3.48,38,1,9.8,258,71.30%,4.80%,14.20%,
,,,,,,,,,,,,,,,,,,,,
Cassiopeia,28,36.40%,6,22,10,8,14,36.40%,3.05,2.73,3.82,2.52,301.27,8.36,13.7,380,62.10%,27.60%,21.80%,
,,,,,,,,,,,,,,,,,,,,
Zyra,27,35.10%,5,22,5,14,8,63.60%,1.45,2.77,6.73,2.95,34.23,0.89,11,287,56.30%,10%,15.40%,
,,,,,,,,,,,,,,,,,,,,
Vladimir,27,35.10%,12,15,9,7,8,46.70%,3.33,1.8,4.67,4.44,306.53,7.98,14.1,368,64.90%,27%,21.20%,
,,,,,,,,,,,,,,,,,,,,
Nami,26,33.80%,2,24,12,10,14,41.70%,0.71,2.42,10.33,4.57,22.63,0.56,10.4,257,81%,5.20%,14.40%,
,,,,,,,,,,,,,,,,,,,,
Tahm Kench,23,29.90%,12,11,7,6,5,54.50%,1.45,2.73,7.09,3.13,50.55,1.28,10.6,269,60.30%,10.30%,14.90%,
,,,,,,,,,,,,,,,,,,,,
Bard,17,22.10%,5,12,5,3,9,25%,1,3.92,5.92,1.77,23.08,0.66,8.8,251,64.30%,9.30%,15.10%,
,,,,,,,,,,,,,,,,,,,,
Braum,16,20.80%,-,16,12,6,10,37.50%,0.63,2.38,5.94,2.76,43.75,1.19,9.1,249,61.40%,5.80%,14.30%,
,,,,,,,,,,,,,,,,,,,,
Ashe,15,19.50%,4,11,5,7,4,63.60%,3,2.36,5.55,3.62,385.55,9.33,17.5,424,64.80%,22.80%,22.80%,
,,,,,,,,,,,,,,,,,,,,
Lucian,14,18.20%,1,13,7,7,6,53.80%,4.46,1.77,2.92,4.17,351.46,9.15,16,416,58.90%,35.60%,23.50%,
,,,,,,,,,,,,,,,,,,,,
Malzahar,14,18.20%,3,11,8,5,6,45.50%,3.91,3.18,5.18,2.86,296.64,7.72,14.4,376,69%,29.70%,21.40%,
,,,,,,,,,,,,,,,,,,,,
Orianna,13,16.90%,-,13,6,5,8,38.50%,3.08,2.69,3.54,2.46,422.54,9.45,18.2,407,65.20%,30.30%,23.10%,
,,,,,,,,,,,,,,,,,,,,
Trundle,12,15.60%,1,11,6,6,5,54.50%,2.18,2,5,3.59,376.27,8.27,17.4,383,58.50%,17.80%,21%,
,,,,,,,,,,,,,,,,,,,,
Ekko,11,14.30%,1,10,5,5,5,50%,3,2.3,4.3,3.17,296.1,8.24,13.8,384,61.30%,25.20%,21.40%,
,,,,,,,,,,,,,,,,,,,,
Brand,9,11.70%,8,1,1,1,0,100%,3,1,4,7,32,0.79,12.7,314,70%,30%,16.80%,
,,,,,,,,,,,,,,,,,,,,
Varus,8,10.40%,3,5,4,3,2,60%,2.6,2,4.6,3.6,414.8,8.64,18.9,393,64.30%,23.20%,22.10%,
,,,,,,,,,,,,,,,,,,,,
Zac,8,10.40%,4,4,3,2,2,50%,2.5,2.25,5.75,3.67,191.75,4.35,15.3,348,67.30%,20.40%,19.20%,
,,,,,,,,,,,,,,,,,,,,
Graves,7,9.10%,-,7,5,3,4,42.90%,2.29,2.57,5.86,3.17,171.57,5.09,12.1,360,64.80%,18.20%,20.80%,
,,,,,,,,,,,,,,,,,,,,
Skarner,7,9.10%,1,6,5,4,2,66.70%,1.83,2.17,7.17,4.15,147.67,3.82,13.3,344,67.50%,13.80%,18.90%,
,,,,,,,,,,,,,,,,,,,,
Miss Fortune,7,9.10%,4,3,2,3,0,100%,2,3,8.33,3.44,50.33,1.35,12.4,332,58.50%,11.30%,16.30%,
,,,,,,,,,,,,,,,,,,,,
Irelia,6,7.80%,1,5,4,3,2,60%,4.4,4,2.4,1.7,281.6,7.99,13.9,394,52.30%,33.80%,21.50%,
,,,,,,,,,,,,,,,,,,,,
Twisted Fate,6,7.80%,5,1,1,0,1,0%,0,6,5,0.83,374,7.97,17.9,382,71.40%,0.00%,22%,
,,,,,,,,,,,,,,,,,,,,
Jinx,5,6.50%,-,5,3,2,3,40%,2.4,1.6,4.2,4.13,361,9.58,15.3,406,63.50%,23.10%,23.20%,
,,,,,,,,,,,,,,,,,,,,
Zilean,4,5.20%,-,4,4,1,3,25%,2.75,3.75,4.75,2,356,8.68,15.5,377,57.70%,21.20%,22.10%,
,,,,,,,,,,,,,,,,,,,,
Kassadin,4,5.20%,4,0,-,0,0,-,-,-,-,-,-,-,-,-,-,-,-,-
,,,,,,,,,,,,,,,,,,,,
Hecarim,3,3.90%,-,3,2,2,1,66.70%,2,1.33,6.33,6.25,145.67,4.19,12.1,347,75.80%,18.20%,19.70%,
,,,,,,,,,,,,,,,,,,,,
Lissandra,3,3.90%,-,3,2,2,1,66.70%,3.33,3.33,5.33,2.6,318.33,8.68,14.5,395,65%,25%,21%,
,,,,,,,,,,,,,,,,,,,,
Soraka,3,3.90%,1,2,2,1,1,50%,0.5,3,10.5,3.67,23,0.54,10.9,257,88%,4%,14.60%,
,,,,,,,,,,,,,,,,,,,,
Maokai,2,2.60%,-,2,2,1,1,50%,2.5,2.5,11.5,5.6,281,7.28,13.7,353,77.80%,13.90%,19.30%,
,,,,,,,,,,,,,,,,,,,,
Anivia,2,2.60%,1,1,1,1,0,100%,2,2,5,3.5,302,7.48,15.6,386,70%,20%,20.60%,
,,,,,,,,,,,,,,,,,,,,
Shen,2,2.60%,1,1,1,0,1,0%,3,4,6,2.25,174,6.3,8.9,322,75%,25%,22%,
,,,,,,,,,,,,,,,,,,,,
Nocturne,1,1.30%,-,1,1,1,0,100%,3,2,11,7,166,3.8,16.4,376,73.70%,15.80%,19.40%,
,,,,,,,,,,,,,,,,,,,,
Taric,1,1.30%,-,1,1,1,0,100%,0,7,9,1.29,134,2.02,19.5,294,56.30%,0%,16.30%,
,,,,,,,,,,,,,,,,,,,,
Fiora,1,1.30%,-,1,1,0,1,0%,5,7,5,1.43,263,7.56,13.4,385,66.70%,33.30%,22.70%,
,,,,,,,,,,,,,,,,,,,,
Kha'Zix,1,1.30%,-,1,1,0,1,0%,4,4,3,1.75,164,3.61,14.5,319,70%,40%,20.10%,
,,,,,,,,,,,,,,,,,,,,
Kindred,1,1.30%,-,1,1,0,1,0%,2,5,0,0.4,123,3.91,9.6,305,66.70%,66.70%,20.30%,
,,,,,,,,,,,,,,,,,,,,
Kled,1,1.30%,-,1,1,0,1,0%,1,6,6,1.17,244,7.18,11,324,50%,7.10%,20.10%,
,,,,,,,,,,,,,,,,,,,,
Nautilus,1,1.30%,-,1,1,0,1,0%,1,4,7,2,315,6.93,14.6,321,80%,10%,20.20%,
,,,,,,,,,,,,,,,,,,,,
Champion,G,PB%,B,G,By,W,L,WR,K,D,A,KDA,CS,CS/M,G,G/M,KPAR,KS,GS,As
,,,,,,,,,,,,,,,,,,,,
Kalista,80,100%,80,0,-,0,0,-,-,-,-,-,-,-,-,-,-,-,-,-
,,,,,,,,,,,,,,,,,,,,
Sejuani,79,98.80%,35,44,17,22,22,50%,1.41,1.77,6.05,4.21,149.32,4.05,11.9,323,77.20%,14.60%,17.60%,
,,,,,,,,,,,,,,,,,,,,
Jarvan IV,79,98.80%,37,42,16,22,20,52.40%,1.55,2.4,6.55,3.37,158.93,4.5,11.5,324,79.60%,15.20%,17.70%,
,,,,,,,,,,,,,,,,,,,,
Janna,76,95%,32,44,14,31,13,70.50%,0.3,0.93,8.36,9.29,27.59,0.76,12.1,331,83.70%,2.90%,17.50%,
,,,,,,,,,,,,,,,,,,,,
Lulu,75,93.80%,28,47,17,19,28,40.40%,0.38,1.55,5.79,3.97,26.38,0.72,11,301,74.60%,4.60%,16.70%,
,,,,,,,,,,,,,,,,,,,,
Galio,73,91.30%,52,21,10,14,7,66.70%,1.76,1.52,7.52,6.09,276.38,8.22,12.7,379,79.60%,15.10%,19.90%,
,,,,,,,,,,,,,,,,,,,,
Xayah,69,86.30%,44,25,13,13,12,52%,3.08,1.28,4.48,5.91,363.52,10.05,15.8,438,75.60%,30.80%,23.80%,
,,,,,,,,,,,,,,,,,,,,
Cho'Gath,62,77.50%,21,41,17,21,20,51.20%,2.05,2.2,4.15,2.82,288.02,7.64,13.4,357,66.80%,22.10%,19.50%,
,,,,,,,,,,,,,,,,,,,,
Tristana,61,76.30%,16,45,15,22,23,48.90%,3.2,1.64,2.87,3.69,353.69,10.06,15.3,436,73.40%,38.70%,24.10%,
,,,,,,,,,,,,,,,,,,,,
Gragas,58,72.50%,22,36,15,23,13,63.90%,0.92,1.97,5.39,3.2,136.11,3.76,11.3,311,69.20%,10.10%,16.90%,
,,,,,,,,,,,,,,,,,,,,
Rakan,54,67.50%,34,20,12,11,9,55%,0.55,2.1,7.9,4.02,25.55,0.74,10.6,304,80.90%,5.30%,16.50%,
,,,,,,,,,,,,,,,,,,,,
Syndra,51,63.70%,28,23,13,10,13,43.50%,2.26,1.96,3.83,3.11,342.87,9.29,14.6,396,70.40%,26.10%,21.90%,
,,,,,,,,,,,,,,,,,,,,
Shen,51,63.70%,29,22,11,11,11,50%,1.77,1.64,5.64,4.53,324.09,8.55,14.2,375,75.50%,18.10%,20.30%,
,,,,,,,,,,,,,,,,,,,,
Kog'Maw,49,61.30%,22,27,14,12,15,44.40%,3.44,2.22,3.04,2.92,349.7,9.48,15.6,423,71.70%,38.10%,23.40%,
,,,,,,,,,,,,,,,,,,,,
Jayce,47,58.80%,36,11,7,7,4,63.60%,2.91,1.73,3.27,3.58,313.64,9.23,13.9,409,66%,31.10%,22.50%,
,,,,,,,,,,,,,,,,,,,,
Ryze,43,53.80%,15,28,13,9,19,32.10%,2.36,1.64,3,3.26,320.71,9.5,13.4,398,68.20%,30%,22.40%,
,,,,,,,,,,,,,,,,,,,,
Gnar,41,51.20%,25,16,9,12,4,75%,2.44,1.94,4.13,3.39,315.25,8.45,14.8,398,69.50%,25.80%,21.10%,
,,,,,,,,,,,,,,,,,,,,
Taliyah,40,50%,24,16,8,9,7,56.30%,3,1.44,4.13,4.96,344.88,9.25,15.2,407,72.60%,30.60%,22.10%,
,,,,,,,,,,,,,,,,,,,,
Maokai,32,40%,6,26,14,7,19,26.90%,0.54,2.54,3.69,1.67,233.27,6.96,10.8,323,56.10%,7.10%,18.60%,
,,,,,,,,,,,,,,,,,,,,
Orianna,32,40%,19,13,8,6,7,46.20%,2.31,2.08,5.69,3.85,332.15,9.11,14.5,398,81.90%,23.60%,22%,
,,,,,,,,,,,,,,,,,,,,
Twitch,31,38.80%,9,22,9,13,9,59.10%,4.18,1.59,3.32,4.71,343.27,9.58,15.5,433,77.50%,43.20%,23.50%,
,,,,,,,,,,,,,,,,,,,,
Varus,29,36.30%,6,23,9,10,13,43.50%,2.65,1.74,4.22,3.95,364.57,9.95,15.5,422,71.20%,27.50%,23.20%,
,,,,,,,,,,,,,,,,,,,,
Cassiopeia,29,36.30%,20,9,6,4,5,44.40%,1.89,1.67,4.33,3.73,316.11,9.04,13.5,385,82.40%,25%,21.90%,
,,,,,,,,,,,,,,,,,,,,
LeBlanc,27,33.80%,23,4,4,3,1,75%,5,1,3.25,8.25,262.5,7.8,13.4,397,82.50%,50%,21.50%,
,,,,,,,,,,,,,,,,,,,,
Trundle,22,27.50%,11,11,9,6,5,54.50%,1.36,1.27,6,5.79,331.18,8.97,14.5,392,77.10%,14.30%,21.20%,
,,,,,,,,,,,,,,,,,,,,
Ezreal,22,27.50%,16,6,3,2,4,33.30%,1.67,2,4.83,3.25,162.83,4.56,12,335,79.60%,20.40%,18.60%,
,,,,,,,,,,,,,,,,,,,,
Taric,20,25%,2,18,8,7,11,38.90%,0.17,1.39,6.28,4.64,31.56,0.96,9.1,279,83.50%,2.20%,15.70%,
,,,,,,,,,,,,,,,,,,,,
Corki,19,23.80%,3,16,10,7,9,43.80%,2,1.75,4.06,3.46,374.06,10.01,15.8,422,78.20%,25.80%,23.60%,
,,,,,,,,,,,,,,,,,,,,
Caitlyn,19,23.80%,10,9,4,6,3,66.70%,3.33,1,4.67,8,316.78,9.85,14.1,439,69.20%,28.80%,23.20%,
,,,,,,,,,,,,,,,,,,,,
Rek'Sai,18,22.50%,7,11,7,4,7,36.40%,2.36,2.45,4.18,2.67,168.91,4.8,11.6,330,71.30%,25.70%,18.20%,
,,,,,,,,,,,,,,,,,,,,
Malzahar,17,21.30%,7,10,3,9,1,90%,2.7,2.3,5.2,3.43,318.2,8.57,15.2,409,64.80%,22.10%,21.10%,
,,,,,,,,,,,,,,,,,,,,
Lucian,17,21.30%,12,5,3,1,4,20%,2.8,3.6,5.2,2.22,361,8.81,16.4,399,80%,28%,22.40%,
,,,,,,,,,,,,,,,,,,,,
Rumble,15,18.80%,8,7,4,3,4,42.90%,2.14,2.29,4,2.69,237.43,7.56,10.9,347,63.20%,22.10%,19.30%,
,,,,,,,,,,,,,,,,,,,,
Karma,14,17.50%,3,11,8,3,8,27.30%,0.45,2.45,4.45,2,90.36,2.76,10,306,66.70%,6.20%,17.80%,
,,,,,,,,,,,,,,,,,,,,
Kassadin,14,17.50%,10,4,4,2,2,50%,2.25,2,3.5,2.88,284.25,9.24,12.3,400,56.10%,22%,21.80%,
,,,,,,,,,,,,,,,,,,,,
Renekton,9,11.30%,6,3,3,1,2,33.30%,3.67,2.33,2.33,2.57,287.33,8.48,13.8,406,56.30%,34.40%,22.70%,
,,,,,,,,,,,,,,,,,,,,
Kha'Zix,7,8.80%,4,3,2,3,0,100%,2.33,2.33,7,4,187,5.18,13.5,375,71.80%,17.90%,18.70%,
,,,,,,,,,,,,,,,,,,,,
Thresh,7,8.80%,4,3,2,1,2,33.30%,1,1.67,7,4.8,35,0.85,10.9,267,77.40%,9.70%,15.40%,
,,,,,,,,,,,,,,,,,,,,
Blitzcrank,6,7.50%,3,3,2,1,2,33.30%,0.67,3,5.67,2.11,35,1,9,258,73.10%,7.70%,14.70%,
,,,,,,,,,,,,,,,,,,,,
Soraka,5,6.30%,1,4,1,3,1,75%,0.25,2,5.5,2.88,20.5,0.51,11.5,286,74.20%,3.20%,15.60%,
,,,,,,,,,,,,,,,,,,,,
Kennen,5,6.30%,1,4,2,2,2,50%,2.25,2.75,3.75,2.18,293.5,8.29,13.4,379,70.60%,26.50%,20.80%,
,,,,,,,,,,,,,,,,,,,,
Vayne,5,6.30%,1,4,3,2,2,50%,4.5,1,3.5,8,339.5,10.06,15.4,455,72.70%,40.90%,24.70%,
,,,,,,,,,,,,,,,,,,,,
Zac,5,6.30%,1,4,3,1,3,25%,0.75,2.75,3.75,1.64,138.5,3.85,10.6,295,85.70%,14.30%,16.90%,
,,,,,,,,,,,,,,,,,,,,
Ivern,5,6.30%,3,2,2,1,1,50%,0.5,2.5,7.5,3.2,90.5,2.65,10.9,319,61.50%,3.80%,17.20%,
,,,,,,,,,,,,,,,,,,,,
Fizz,4,5%,-,4,2,3,1,75%,2.5,1.25,4,5.2,275.25,7.86,13.2,375,76.50%,29.40%,20.60%,
,,,,,,,,,,,,,,,,,,,,
Lee Sin,4,5%,-,4,3,2,2,50%,1.25,2.5,4.25,2.2,139.5,3.56,12.1,308,73.30%,16.70%,16.90%,
,,,,,,,,,,,,,,,,,,,,
Leona,4,5%,1,3,2,2,1,66.70%,2,2.33,8.67,4.57,55.33,1.49,10.9,292,65.30%,12.20%,15.10%,
,,,,,,,,,,,,,,,,,,,,
Kayn,4,5%,1,3,1,1,2,33.30%,2.33,2.33,2.67,2.14,211,6.19,11.6,341,62.50%,29.20%,19.20%,
,,,,,,,,,,,,,,,,,,,,
Sivir,4,5%,1,3,2,1,2,33.30%,2.67,2.67,3,2.13,478,11.58,18.9,458,53.10%,25%,25.20%,
,,,,,,,,,,,,,,,,,,,,
Singed,4,5%,2,2,1,2,0,100%,1,1.5,6,4.67,239,8.39,11.2,393,50%,7.10%,19.50%,
,,,,,,,,,,,,,,,,,,,,
Elise,4,5%,2,2,1,1,1,50%,1.5,1.5,5,4.33,153.5,4.56,11.3,336,41.90%,9.70%,17.30%,
,,,,,,,,,,,,,,,,,,,,
Nocturne,4,5%,2,2,2,1,1,50%,3,4,4,1.75,166.5,6.06,9.9,362,50%,21.40%,20.40%,
,,,,,,,,,,,,,,,,,,,,
Alistar,4,5%,2,2,2,0,2,0%,0,2.5,3,1.2,28.5,0.88,7.8,238,54.50%,0%,14.50%,
,,,,,,,,,,,,,,,,,,,,
Nidalee,4,5%,3,1,1,0,1,0%,2,3,1,1,219,5.65,12.5,323,100%,66.70%,19%,
,,,,,,,,,,,,,,,,,,,,
Nautilus,3,3.80%,-,3,2,2,1,66.70%,0.67,2,4.33,2.5,235.67,7.36,10.9,339,60%,8%,18.50%,
,,,,,,,,,,,,,,,,,,,,
Camille,3,3.80%,-,3,2,1,2,33.30%,2.33,1.67,1,2,259,8.95,11.7,404,40%,28%,22.60%,
,,,,,,,,,,,,,,,,,,,,
Yasuo,3,3.80%,-,3,3,1,2,33.30%,2.67,3,4.67,2.44,403.67,9.54,16.7,394,66.70%,24.20%,21.90%,
,,,,,,,,,,,,,,,,,,,,
Graves,3,3.80%,1,2,1,1,1,50%,1.5,3,4.5,2,206,5.6,13.1,355,66.70%,16.70%,19%,
,,,,,,,,,,,,,,,,,,,,
Urgot,3,3.80%,1,2,1,1,1,50%,2,4,2,1,254,8.14,11.5,368,44.40%,22.20%,20.30%,
,,,,,,,,,,,,,,,,,,,,
Morgana,2,2.50%,-,2,2,0,2,0%,1.5,2.5,13,5.8,20,0.47,13.8,325,78.40%,8.10%,17.50%,
,,,,,,,,,,,,,,,,,,,,
Braum,2,2.50%,1,1,1,1,0,100%,0,1,13,13,63,1.68,10.5,280,81.30%,0%,14.40%,
,,,,,,,,,,,,,,,,,,,,
Nasus,2,2.50%,1,1,1,1,0,100%,2,0,0,2,205,9.82,9.4,450,40%,40%,22.90%,
,,,,,,,,,,,,,,,,,,,,
Jax,2,2.50%,1,1,1,0,1,0%,3,4,4,1.75,358,8.04,16.3,366,46.70%,20%,21.10%,
,,,,,,,,,,,,,,,,,,,,
Vladimir,2,2.50%,1,1,1,0,1,0%,1,1,5,6,306,9.44,11.3,349,75%,12.50%,21.60%,
,,,,,,,,,,,,,,,,,,,,
Sion,2,2.50%,2,0,-,0,0,-,-,-,-,-,-,-,-,-,-,-,-,-
,,,,,,,,,,,,,,,,,,,,
Ashe,1,1.30%,-,1,1,1,0,100%,5,0,3,8,308,9.63,15,469,53.30%,33.30%,22.40%,
,,,,,,,,,,,,,,,,,,,,
Lissandra,1,1.30%,-,1,1,1,0,100%,3,1,6,9,366,10.79,15.9,469,81.80%,27.30%,23.30%,
,,,,,,,,,,,,,,,,,,,,
Tahm Kench,1,1.30%,-,1,1,1,0,100%,1,1,0,1,61,1.61,10.1,267,16.70%,16.70%,14.60%,
,,,,,,,,,,,,,,,,,,,,
Aurelion Sol,1,1.30%,-,1,1,0,1,0%,3,4,7,2.5,512,9.45,22,406,90.90%,27.30%,22.70%,
,,,,,,,,,,,,,,,,,,,,
Ekko,1,1.30%,-,1,1,0,1,0%,3,2,3,3,462,9.62,20.5,427,75%,37.50%,23%,
,,,,,,,,,,,,,,,,,,,,
Gangplank,1,1.30%,-,1,1,0,1,0%,2,4,4,1.5,373,9.63,17.6,455,85.70%,28.60%,27.10%,
,,,,,,,,,,,,,,,,,,,,
Jinx,1,1.30%,-,1,1,0,1,0%,0,2,0,0,533,11.39,19.3,413,-nan%,-nan%,25.40%,
,,,,,,,,,,,,,,,,,,,,
Mordekaiser,1,1.30%,-,1,1,0,1,0%,0,8,0,0,140,5.84,6.4,267,0%,0%,19.30%,
,,,,,,,,,,,,,,,,,,,,
Nami,1,1.30%,-,1,1,0,1,0%,1,2,6,3.5,22,0.49,12.6,278,100%,14.30%,16.70%,
,,,,,,,,,,,,,,,,,,,,
Rengar,1,1.30%,-,1,1,0,1,0%,6,6,1,1.17,274,5.71,16.6,346,43.80%,37.50%,19.20%,
,,,,,,,,,,,,,,,,,,,,
Sona,1,1.30%,-,1,1,0,1,0%,0,4,5,1.25,38,1.19,9.4,295,71.40%,0%,17.60%,
,,,,,,,,,,,,,,,,,,,,
Zilean,1,1.30%,-,1,1,0,1,0%,2,5,12,2.8,34,0.71,14.4,300,87.50%,12.50%,16.70%,
,,,,,,,,,,,,,,,,,,,,
Bard,1,1.30%,1,0,-,0,0,-,-,-,-,-,-,-,-,-,-,-,-,-
,,,,,,,,,,,,,,,,,,,,
Twisted Fate,1,1.30%,1,0,-,0,0,-,-,-,-,-,-,-,-,-,-,-,-,-
Champion,G,PB%,B,G,By,W,L,WR,K,D,A,KDA,CS,CS/M,G,G/M,KPAR,KS,GS,As
,,,,,,,,,,,,,,,,,,,,
Aatrox,76,98.70%,45,31,17,17,14,54.80%,2.1,2.48,4.42,2.62,285.19,9.03,12.3,390,52.10%,16.80%,21.60%,
,,,,,,,,,,,,,,,,,,,,
Ahri,1,1.30%,-,1,1,1,0,100%,3,3,7,3.33,267,8.97,12.4,418,71.40%,21.40%,21.20%,
,,,,,,,,,,,,,,,,,,,,
Akali,62,80.50%,51,11,8,8,3,72.70%,4.55,2.27,4.55,4,323.45,8.69,14.6,393,61%,30.50%,21.80%,
,,,,,,,,,,,,,,,,,,,,
Alistar,75,97.40%,47,28,12,15,13,53.60%,0.5,2.18,6.32,3.13,48.36,1.52,7.4,231,65%,4.80%,13.10%,
,,,,,,,,,,,,,,,,,,,,
Ashe,1,1.30%,-,1,1,0,1,0%,2,2,8,5,440,10,17.8,404,55.60%,11.10%,23.80%,
,,,,,,,,,,,,,,,,,,,,
Azir,7,9.10%,1,6,4,3,3,50%,2.83,1.5,4.67,5,329.83,9.98,13.8,417,73.80%,27.90%,23.90%,
,,,,,,,,,,,,,,,,,,,,
Bard,1,1.30%,-,1,1,0,1,0%,1,2,2,1.5,26,0.8,6.9,213,75%,25%,14.40%,
,,,,,,,,,,,,,,,,,,,,
Brand,1,1.30%,-,1,1,0,1,0%,5,5,7,2.4,376,8.61,18.3,420,66.70%,27.80%,22.50%,
,,,,,,,,,,,,,,,,,,,,
Braum,30,39%,6,24,9,13,11,54.20%,0.38,2.04,7.54,3.88,59.5,1.91,7.7,248,71.70%,3.40%,13.80%,
,,,,,,,,,,,,,,,,,,,,
Camille,42,54.50%,25,17,9,8,9,47.10%,2.41,2.88,4.29,2.33,214.76,6.81,11.6,367,64.80%,23.30%,20.40%,
,,,,,,,,,,,,,,,,,,,,
Cassiopeia,3,3.90%,-,3,2,0,3,0%,1.67,1.67,0.33,1.2,350.33,10.2,13.2,384,60%,50%,23.80%,
,,,,,,,,,,,,,,,,,,,,
Cho'Gath,3,3.90%,-,3,3,1,2,33.30%,2,2.33,3,2.14,262,7.48,11.6,330,55.60%,22.20%,20%,
,,,,,,,,,,,,,,,,,,,,
Darius,2,2.60%,2,0,-,0,0,-,-,-,-,-,-,-,-,-,-,-,-,-
,,,,,,,,,,,,,,,,,,,,
Draven,8,10.40%,6,2,1,1,1,50%,4.5,1.5,5.5,6.67,317.5,9.75,15.7,483,95.20%,42.90%,27.40%,
,,,,,,,,,,,,,,,,,,,,
Ekko,5,6.50%,1,4,2,1,3,25%,3.75,4.5,2.75,1.44,293.75,8.57,13.2,385,66.70%,38.50%,22.60%,
,,,,,,,,,,,,,,,,,,,,
Elise,1,1.30%,-,1,1,0,1,0%,0,2,4,2,107,3.91,6.7,246,100%,0%,17.40%,
,,,,,,,,,,,,,,,,,,,,
Evelynn,1,1.30%,-,1,1,0,1,0%,0,1,2,2,129,5.13,7,279,66.70%,0%,19%,
,,,,,,,,,,,,,,,,,,,,
Ezreal,9,11.70%,1,8,4,3,5,37.50%,2.38,2.25,4.38,3,319.25,9.98,13.4,418,58.70%,20.70%,24.20%,
,,,,,,,,,,,,,,,,,,,,
Fiora,2,2.60%,-,2,1,0,2,0%,3,1.5,1.5,3,361,10.34,15.3,438,52.90%,35.30%,25.20%,
,,,,,,,,,,,,,,,,,,,,
Galio,38,49.40%,17,21,10,10,11,47.60%,2.24,2.14,4.71,3.24,273.14,8.68,11.7,371,66.40%,21.40%,21.20%,
,,,,,,,,,,,,,,,,,,,,
Gangplank,3,3.90%,1,2,2,1,1,50%,2.5,1.5,7,6.33,306.5,9.43,15.7,483,52.80%,13.90%,25.70%,
,,,,,,,,,,,,,,,,,,,,
Gragas,41,53.20%,9,32,18,13,19,40.60%,1.41,2.75,6.22,2.77,118.38,3.47,9.6,281,69.10%,12.70%,16.10%,
,,,,,,,,,,,,,,,,,,,,
Graves,4,5.20%,-,4,3,1,3,25%,3.25,1.75,2.25,3.14,175.75,6.02,10.2,351,88%,52%,21.30%,
,,,,,,,,,,,,,,,,,,,,
Hecarim,2,2.60%,1,1,1,1,0,100%,5,2,3,4,342,9.37,16.2,444,61.50%,38.50%,23%,
,,,,,,,,,,,,,,,,,,,,
Heimerdinger,15,19.50%,13,2,1,2,0,100%,2,0,5,14,355,10.25,15.4,444,73.70%,21.10%,23.20%,
,,,,,,,,,,,,,,,,,,,,
Irelia,64,83.10%,40,24,13,14,10,58.30%,3.63,2.96,4.42,2.72,283.96,9.31,12.7,417,65%,29.30%,22.90%,
,,,,,,,,,,,,,,,,,,,,
Jarvan IV,3,3.90%,-,3,3,1,2,33.30%,2.33,3.67,8.33,2.91,164,4.85,11.2,331,94.10%,20.60%,18.80%,
,,,,,,,,,,,,,,,,,,,,
Jax,4,5.20%,2,2,2,1,1,50%,1.5,2.5,5.5,2.8,247.5,8.33,11.6,389,58.30%,12.50%,21.40%,
,,,,,,,,,,,,,,,,,,,,
Jayce,13,16.90%,8,5,5,3,2,60%,3.2,3.2,4.2,2.31,317,9.33,14.2,419,60.70%,26.20%,22.70%,
,,,,,,,,,,,,,,,,,,,,
Jhin,11,14.30%,5,6,2,2,4,33.30%,1.33,1.5,3.83,3.44,345.67,10.57,13.4,408,62%,16%,23.50%,
,,,,,,,,,,,,,,,,,,,,
Kai'Sa,62,80.50%,19,43,15,21,22,48.80%,3.88,1.84,4.09,4.34,324.49,10.17,13.9,437,72.40%,35.20%,24.80%,
,,,,,,,,,,,,,,,,,,,,
Kalista,2,2.60%,-,2,2,1,1,50%,2.5,2.5,6.5,3.6,268,9.45,11.2,396,64.30%,17.90%,22.70%,
,,,,,,,,,,,,,,,,,,,,
Kassadin,1,1.30%,-,1,1,0,1,0%,0,3,1,0.33,204,7.22,8.3,293,20%,0%,19.60%,
,,,,,,,,,,,,,,,,,,,,
Kindred,23,29.90%,17,6,4,2,4,33.30%,1.33,3.33,5,1.9,176.67,5.48,10.6,329,69.10%,14.50%,19.20%,
,,,,,,,,,,,,,,,,,,,,
Kled,1,1.30%,-,1,1,1,0,100%,2,1,7,9,234,8.56,10.8,394,45%,10%,19.50%,
,,,,,,,,,,,,,,,,,,,,
LeBlanc,51,66.20%,34,17,10,12,5,70.60%,4.18,2,4.71,4.44,285.29,8.43,13.6,400,61.90%,29.10%,21.40%,
,,,,,,,,,,,,,,,,,,,,
Lee Sin,24,31.20%,7,17,7,9,8,52.90%,2.71,2.06,5,3.74,151.71,4.96,10.2,333,69.30%,24.30%,18.80%,
,,,,,,,,,,,,,,,,,,,,
Leona,13,16.90%,2,11,8,7,4,63.60%,1,3,8.45,3.15,57.55,1.82,7.9,249,70.30%,7.40%,13.60%,
,,,,,,,,,,,,,,,,,,,,
Lissandra,43,55.80%,21,22,10,7,15,31.80%,2,2.77,5.09,2.56,271.36,8.81,11.5,373,66.40%,18.70%,21.70%,
,,,,,,,,,,,,,,,,,,,,
Lucian,23,29.90%,8,15,6,9,6,60%,3.33,1.73,4.6,4.58,319.13,10.19,13.8,442,64.70%,27.20%,24.70%,
,,,,,,,,,,,,,,,,,,,,
Lulu,1,1.30%,-,1,1,0,1,0%,0,0,5,5,332,9.36,12.7,359,100%,0%,21.30%,
,,,,,,,,,,,,,,,,,,,,
Malzahar,3,3.90%,2,1,1,0,1,0%,0,3,4,1.33,321,9.21,12,344,66.70%,0%,21.30%,
,,,,,,,,,,,,,,,,,,,,
Mordekaiser,1,1.30%,-,1,1,0,1,0%,0,3,3,1,249,7.49,10.1,304,75%,0%,20%,
,,,,,,,,,,,,,,,,,,,,
Nami,1,1.30%,-,1,1,0,1,0%,0,3,1,0.33,10,0.44,4.1,181,20%,0%,12.20%,
,,,,,,,,,,,,,,,,,,,,
Nautilus,3,3.90%,1,2,2,1,1,50%,0.5,5,8,1.7,90,2.11,10.2,238,63%,3.70%,13.90%,
,,,,,,,,,,,,,,,,,,,,
Nidalee,1,1.30%,-,1,1,0,1,0%,0,4,3,0.75,129,5.25,6.9,280,60%,0%,18.80%,
,,,,,,,,,,,,,,,,,,,,
Nocturne,53,68.80%,31,22,13,15,7,68.20%,2,2.32,5.14,3.08,177.68,5.19,11.1,325,62.10%,17.40%,18.10%,
,,,,,,,,,,,,,,,,,,,,
Olaf,27,35.10%,11,16,13,7,9,43.80%,3.38,1.81,4.94,4.59,172.56,5.04,11.3,331,68.90%,28%,18.60%,
,,,,,,,,,,,,,,,,,,,,
Ornn,25,32.50%,13,12,8,10,2,83.30%,1.5,2.08,7.58,4.36,266.83,7.55,12.5,352,60.60%,10%,19.10%,
,,,,,,,,,,,,,,,,,,,,
Poppy,11,14.30%,3,8,7,2,6,25%,1,2.5,3.75,1.9,218.13,6.09,11.2,312,55.90%,11.80%,18.70%,
,,,,,,,,,,,,,,,,,,,,
Pyke,2,2.60%,2,0,-,0,0,-,-,-,-,-,-,-,-,-,-,-,-,-
,,,,,,,,,,,,,,,,,,,,
Rakan,56,72.70%,25,31,13,17,14,54.80%,0.94,2.35,8.29,3.92,17,0.54,7.7,243,74.90%,7.60%,13.70%,
,,,,,,,,,,,,,,,,,,,,
Rek'Sai,1,1.30%,-,1,1,1,0,100%,10,3,8,6,210,6.01,15.4,442,66.70%,37%,21.20%,
,,,,,,,,,,,,,,,,,,,,
Ryze,34,44.20%,17,17,13,8,9,47.10%,2.35,1.88,4,3.38,306.94,9.89,12.5,403,59.30%,22%,22.90%,
,,,,,,,,,,,,,,,,,,,,
Shen,28,36.40%,12,16,9,9,7,56.30%,1.31,2.13,6.38,3.62,160.88,4.99,10,309,65.40%,11.20%,17.40%,
,,,,,,,,,,,,,,,,,,,,
Singed,1,1.30%,-,1,1,1,0,100%,5,1,7,12,324,9.84,14.2,431,70.60%,29.40%,22.50%,
,,,,,,,,,,,,,,,,,,,,
Sion,44,57.10%,15,29,15,13,16,44.80%,0.9,2.03,5.76,3.27,244.31,7.54,10.8,334,59.60%,8%,19.40%,
,,,,,,,,,,,,,,,,,,,,
Sivir,27,35.10%,9,18,7,12,6,66.70%,3.44,1.67,6.33,5.87,366.33,10.81,15.5,456,71%,25%,25.30%,
,,,,,,,,,,,,,,,,,,,,
Skarner,11,14.30%,8,3,3,0,3,0%,1,3.33,6,2.1,174,4.88,10.6,298,75%,10.70%,17.80%,
,,,,,,,,,,,,,,,,,,,,
Swain,19,24.70%,8,11,6,5,6,45.50%,3.45,2.55,3.45,2.71,251.18,8.3,11.6,384,69.10%,34.50%,22%,
,,,,,,,,,,,,,,,,,,,,
Syndra,40,51.90%,21,19,12,9,10,47.40%,2.68,2.16,5.11,3.61,312.95,9.15,13.2,385,72.50%,25%,22.20%,
,,,,,,,,,,,,,,,,,,,,
Tahm Kench,50,64.90%,34,16,10,7,9,43.80%,0.5,2.25,5,2.44,67.06,1.97,8.2,243,60.70%,5.50%,13.70%,
,,,,,,,,,,,,,,,,,,,,
Taliyah,42,54.50%,25,17,10,10,7,58.80%,3.18,1.88,5.47,4.59,182.47,5.61,11.3,348,77%,28.30%,19.80%,
,,,,,,,,,,,,,,,,,,,,
Thresh,36,46.80%,15,21,11,9,12,42.90%,0.62,3.43,9.43,2.93,33.86,1.02,7.5,224,75.40%,4.60%,12.90%,
,,,,,,,,,,,,,,,,,,,,
Tristana,14,18.20%,5,9,7,4,5,44.40%,2.11,1,2.67,4.78,337.11,10.78,13.5,430,63.20%,27.90%,25.40%,
,,,,,,,,,,,,,,,,,,,,
Trundle,1,1.30%,-,1,1,0,1,0%,0,5,5,1,129,3.92,8.6,262,62.50%,0%,15.80%,
,,,,,,,,,,,,,,,,,,,,
Urgot,73,94.80%,45,28,17,13,15,46.40%,2.64,2.64,3.75,2.42,265.96,8.21,12.1,375,63.50%,26.20%,21.70%,
,,,,,,,,,,,,,,,,,,,,
Varus,22,28.60%,11,11,8,5,6,45.50%,2.91,2.27,3.82,2.96,283.82,9.45,12.3,411,67.90%,29.40%,23.40%,
,,,,,,,,,,,,,,,,,,,,
Vel'Koz,5,6.50%,3,2,2,1,1,50%,1.5,2,3.5,2.5,334,8.77,13.9,366,55.60%,16.70%,21.20%,
,,,,,,,,,,,,,,,,,,,,
Viktor,13,16.90%,6,7,4,3,4,42.90%,3,2.71,5.43,3.11,243.14,8.39,11.8,409,59.60%,21.20%,22.30%,
,,,,,,,,,,,,,,,,,,,,
Xayah,62,80.50%,28,34,15,17,17,50%,3.74,1.79,4.59,4.64,345.74,10.27,15,446,67.90%,30.50%,25%,
,,,,,,,,,,,,,,,,,,,,
Xin Zhao,44,57.10%,19,25,12,14,11,56%,2.72,2.36,5.64,3.54,151.68,4.83,10.4,332,65.90%,21.50%,18.50%,
,,,,,,,,,,,,,,,,,,,,
Yasuo,3,3.90%,2,1,1,1,0,100%,1,5,9,2,380,7.96,17.7,372,83.30%,8.30%,22%,
,,,,,,,,,,,,,,,,,,,,
Zac,3,3.90%,2,1,1,1,0,100%,0,0,10,10,138,4.95,9.1,326,76.90%,0%,17.10%,
,,,,,,,,,,,,,,,,,,,,
Zilean,9,11.70%,7,2,1,1,1,50%,7.5,2,8,7.75,339.5,9.43,16,444,86.10%,41.70%,24.90%,
,,,,,,,,,,,,,,,,,,,,
Zoe,3,3.90%,1,2,2,0,2,0%,1.5,3,4.5,2,331,8.51,13.7,352,80%,20%,22%,
Champion,G,PB%,B,G,By,W,L,WR,K,D,A,KDA,CS,CS/M,G,G/M,KPAR,KS,GS,As
,,,,,,,,,,,,,,,,,,,,
Pantheon,120,100%,119,1,1,1,0,100%,5,7,10,2.14,261,6.52,14.5,362,71.40%,23.80%,19.10%,
,,,,,,,,,,,,,,,,,,,,
Qiyana,109,90.80%,86,23,15,13,10,56.50%,4.09,3,5.7,3.26,191.65,5.95,11.5,359,60.30%,25.20%,19.60%,
,,,,,,,,,,,,,,,,,,,,
Xayah,102,85%,45,57,21,35,22,61.40%,4.39,1.75,4.86,5.27,339.32,10.27,15.4,467,68.90%,32.70%,25.50%,
,,,,,,,,,,,,,,,,,,,,
Syndra,96,80%,67,29,15,13,16,44.80%,3.45,2.55,4,2.92,315.52,8.86,14.2,400,59.30%,27.50%,22.50%,
,,,,,,,,,,,,,,,,,,,,
Renekton,95,79.20%,62,33,17,17,16,51.50%,2.85,2.64,3.42,2.38,262.27,7.85,13.1,391,47.60%,21.60%,21.40%,
,,,,,,,,,,,,,,,,,,,,
Akali,89,74.20%,54,35,20,17,18,48.60%,3.89,1.83,3.83,4.22,292.49,8.76,13.6,406,54%,27.20%,22.20%,
,,,,,,,,,,,,,,,,,,,,
Kai'Sa,88,73.30%,17,71,22,37,34,52.10%,4.69,1.9,4.11,4.63,307.1,9.58,14.5,453,65.20%,34.80%,24.90%,
,,,,,,,,,,,,,,,,,,,,
Gragas,83,69.20%,34,49,18,32,17,65.30%,1.88,2.78,7.53,3.39,128.57,3.86,10,301,66%,13.20%,16.40%,
,,,,,,,,,,,,,,,,,,,,
Nautilus,77,64.20%,25,52,21,28,24,53.80%,1.08,3.33,7.25,2.5,75,2.22,8.6,253,58.80%,7.60%,14%,
,,,,,,,,,,,,,,,,,,,,
Gangplank,72,60%,34,38,16,21,17,55.30%,2.53,2.61,6.26,3.37,278.5,8.03,14.5,417,63.60%,18.30%,22.80%,
,,,,,,,,,,,,,,,,,,,,
Lee Sin,71,59.20%,13,58,18,30,28,51.70%,2.66,2.5,5.97,3.45,159.55,4.84,10.8,329,67.80%,20.90%,18.00%,
,,,,,,,,,,,,,,,,,,,,
Rakan,71,59.20%,28,43,15,23,20,53.50%,0.51,2.26,9.21,4.31,18.19,0.54,8.3,247,76.70%,4%,13.80%,
,,,,,,,,,,,,,,,,,,,,
Kayle,67,55.80%,43,24,16,12,12,50%,2.33,2.92,6.04,2.87,279.54,8.55,13.4,409,63%,17.60%,22.50%,
,,,,,,,,,,,,,,,,,,,,
Elise,66,55%,34,32,15,16,16,50%,3.19,2.84,5.69,3.12,172.63,5.08,11.4,336,62.80%,22.60%,18.30%,
,,,,,,,,,,,,,,,,,,,,
LeBlanc,65,54.20%,44,21,13,11,10,52.40%,3.19,2.24,4,3.21,264.86,7.91,12.6,376,59.20%,26.30%,20.90%,
,,,,,,,,,,,,,,,,,,,,
Ryze,62,51.70%,26,36,16,22,14,61.10%,3.08,2.58,5.36,3.27,312.47,9.67,14.1,438,58.50%,21.30%,23.20%,
,,,,,,,,,,,,,,,,,,,,
Thresh,44,36.70%,9,35,15,16,19,45.70%,0.77,2.94,8.34,3.1,15.91,0.48,8.1,244,66.60%,5.60%,13.50%,
,,,,,,,,,,,,,,,,,,,,
Rek'Sai,43,35.80%,21,22,13,11,11,50%,3.14,2.41,4.64,3.23,170.64,5.12,11.2,337,59.60%,24%,18.40%,
,,,,,,,,,,,,,,,,,,,,
Tristana,39,32.50%,21,18,15,8,10,44.40%,3.56,2.56,3.33,2.7,314.33,8.94,14.8,421,59.60%,30.80%,24%,
,,,,,,,,,,,,,,,,,,,,
Yuumi,39,32.50%,26,13,6,5,8,38.50%,1.46,1.85,10,6.21,59.92,1.74,10.6,307,83.70%,10.70%,16.90%,
,,,,,,,,,,,,,,,,,,,,
Ezreal,36,30%,11,25,14,11,14,44%,3,2.2,4.12,3.24,332.92,9.66,15.1,439,66.40%,28%,24.80%,
,,,,,,,,,,,,,,,,,,,,
Vladimir,33,27.50%,16,17,7,9,8,52.90%,3.53,2.76,5.47,3.26,265.12,8.37,13.3,420,59.30%,23.30%,23.10%,
,,,,,,,,,,,,,,,,,,,,
Yasuo,33,27.50%,18,15,8,10,5,66.70%,2.6,2.53,5.47,3.18,279.87,9.05,13,421,64.40%,20.70%,22.80%,
,,,,,,,,,,,,,,,,,,,,
Jayce,32,26.70%,13,19,8,8,11,42.10%,2.79,3.05,4.16,2.28,270.84,8.48,13,407,64.70%,26%,22.90%,
,,,,,,,,,,,,,,,,,,,,
Twisted Fate,32,26.70%,23,9,6,4,5,44.40%,1.22,3,4.11,1.78,263.56,8.21,13.3,414,56.50%,12.90%,23.20%,
,,,,,,,,,,,,,,,,,,,,
Jarvan IV,31,25.80%,13,18,13,7,11,38.90%,1.17,2.83,7.78,3.16,149.78,4.52,10,301,80.90%,10.60%,17.30%,
,,,,,,,,,,,,,,,,,,,,
Leona,30,25%,10,20,11,13,7,65%,0.75,3.7,7.85,2.32,73,2.08,9,256,57.30%,5%,13.70%,
,,,,,,,,,,,,,,,,,,,,
Olaf,30,25%,20,10,7,6,4,60%,3.7,2.8,4.2,2.82,149.3,4.89,10.3,338,57.20%,26.80%,18.40%,
,,,,,,,,,,,,,,,,,,,,
Lucian,28,23.30%,12,16,12,5,11,31.30%,3.5,3.25,3.69,2.21,292.38,8.94,13.5,413,61.50%,29.90%,23.70%,
,,,,,,,,,,,,,,,,,,,,
Morgana,28,23.30%,19,9,4,5,4,55.60%,1.22,2.44,7.33,3.5,56.44,1.54,9.7,266,63.60%,9.10%,14.80%,
,,,,,,,,,,,,,,,,,,,,
Irelia,28,23.30%,20,8,8,3,5,37.50%,3.63,3.75,4.38,2.13,289.88,8.52,13.8,405,59.30%,26.90%,22.60%,
,,,,,,,,,,,,,,,,,,,,
Gnar,26,21.70%,8,18,11,11,7,61.10%,2.06,2.44,5.61,3.14,258.44,7.41,12.9,369,59.20%,15.90%,20.60%,
,,,,,,,,,,,,,,,,,,,,
Galio,25,20.80%,10,15,12,5,10,33.30%,1.33,3.27,6.73,2.47,157.33,4.93,9.5,299,67.20%,11.10%,17.20%,
,,,,,,,,,,,,,,,,,,,,
Pyke,25,20.80%,12,13,10,4,9,30.80%,1.77,3.31,4.54,1.91,72.54,2.3,9.1,288,60.30%,16.90%,16%,
,,,,,,,,,,,,,,,,,,,,
Rumble,23,19.20%,18,5,3,3,2,60%,4.6,2,7.6,6.1,223,7.16,12.1,388,77.20%,29.10%,21.20%,
,,,,,,,,,,,,,,,,,,,,
Camille,21,17.50%,7,14,10,8,6,57.10%,2.5,2.64,5.29,2.95,252.14,7.98,12.3,388,61.60%,19.80%,21.30%,
,,,,,,,,,,,,,,,,,,,,
Alistar,21,17.50%,7,14,8,5,9,35.70%,0.43,3.64,5.57,1.65,44.71,1.54,6.4,221,59.60%,4.30%,12.90%,
,,,,,,,,,,,,,,,,,,,,
Kled,21,17.50%,12,9,7,5,4,55.60%,2.56,1.67,3.67,3.73,240.89,7.63,11.4,362,51.90%,21.30%,20.50%,
,,,,,,,,,,,,,,,,,,,,
Nocturne,20,16.70%,8,12,10,3,9,25%,1.83,3.42,6.08,2.32,176.75,5.22,10.7,315,72.50%,16.80%,18.60%,
,,,,,,,,,,,,,,,,,,,,
Heimerdinger,20,16.70%,13,7,4,4,3,57.10%,2.86,2.43,6.71,3.94,282.57,7.15,14.7,371,61.50%,18.30%,20.20%,
,,,,,,,,,,,,,,,,,,,,
Skarner,17,14.20%,9,8,7,1,7,12.50%,0.5,3.25,7.25,2.38,155,4.2,10.2,277,72.10%,4.70%,16.40%,
,,,,,,,,,,,,,,,,,,,,
Ornn,16,13.30%,6,10,7,7,3,70%,1.7,2.7,7.2,3.3,176.2,5.6,10.2,324,58.60%,11.20%,17.40%,
,,,,,,,,,,,,,,,,,,,,
Orianna,15,12.50%,2,13,9,7,6,53.80%,2.08,2.62,7,3.47,309.08,8.49,14,385,69.40%,15.90%,21.50%,
,,,,,,,,,,,,,,,,,,,,
Veigar,15,12.50%,9,6,5,3,3,50%,3.17,1.67,5.83,5.4,255.17,8.19,12.3,395,72%,25.30%,22.10%,
,,,,,,,,,,,,,,,,,,,,
Blitzcrank,14,11.70%,6,8,6,3,5,37.50%,1.38,4.25,6.75,1.91,17.13,0.47,9.3,256,49.20%,8.30%,13.90%,
,,,,,,,,,,,,,,,,,,,,
Aatrox,13,10.80%,2,11,9,5,6,45.50%,2.55,2.55,3.64,2.43,211.45,7.4,10.6,372,56.20%,23.10%,21.30%,
,,,,,,,,,,,,,,,,,,,,
Taliyah,13,10.80%,4,9,4,6,3,66.70%,3.11,2,6.56,4.83,169.11,5.26,11.1,345,65.40%,21.10%,18.30%,
,,,,,,,,,,,,,,,,,,,,
Cassiopeia,13,10.80%,5,8,5,4,4,50%,3,3.88,5.5,2.19,272.88,8.33,13.1,399,59.60%,21.10%,22%,
,,,,,,,,,,,,,,,,,,,,
Quinn,13,10.80%,9,4,4,2,2,50%,3.75,3.25,3,2.08,281.25,8.43,13.6,407,54%,30%,22.90%,
,,,,,,,,,,,,,,,,,,,,
Kennen,12,10%,5,7,4,5,2,71.40%,2.57,2.86,6.29,3.1,251.86,7.89,12.7,398,56.90%,16.50%,20.90%,
,,,,,,,,,,,,,,,,,,,,
Tahm Kench,11,9.20%,4,7,4,5,2,71.40%,1.14,2.43,13.86,6.18,87.14,2.48,10.2,291,77.20%,5.90%,15.00%,
,,,,,,,,,,,,,,,,,,,,
Varus,10,8.30%,1,9,4,6,3,66.70%,6.44,2.67,7.22,5.13,312.67,9.42,15.6,470,69.90%,33%,24.80%,
,,,,,,,,,,,,,,,,,,,,
Shen,10,8.30%,2,8,7,3,5,37.50%,1.75,4.88,5.63,1.51,160.88,4.81,10.3,307,67%,15.90%,17.70%,
,,,,,,,,,,,,,,,,,,,,
Draven,10,8.30%,7,3,2,2,1,66.70%,4,2,5.33,4.67,266.67,9.38,13.3,466,70%,30%,24.30%,
,,,,,,,,,,,,,,,,,,,,
Corki,9,7.50%,1,8,5,4,4,50%,2.63,2,3.75,3.19,340,9.62,15.1,428,60.70%,25%,23.80%,
,,,,,,,,,,,,,,,,,,,,
Garen,9,7.50%,1,8,4,3,5,37.50%,3.5,3.13,6.5,3.2,294.75,7.68,14.5,377,60.20%,21.10%,20.60%,
,,,,,,,,,,,,,,,,,,,,
Lissandra,9,7.50%,3,6,6,3,3,50%,1.83,2.5,4.17,2.4,256.83,8.22,11.6,371,57.10%,17.50%,20.80%,
,,,,,,,,,,,,,,,,,,,,
Karthus,8,6.70%,3,5,4,1,4,20%,2.4,2.6,2.8,2,220.6,6.31,12.1,346,56.50%,26.10%,20.30%,
,,,,,,,,,,,,,,,,,,,,
Fiora,8,6.70%,4,4,4,2,2,50%,3.5,4,4,1.88,351.25,9.71,17.1,472,52.60%,24.60%,24.50%,
,,,,,,,,,,,,,,,,,,,,
Karma,8,6.70%,4,4,4,2,2,50%,1.25,2.75,7.75,3.27,139.5,3.84,10.5,289,76.60%,10.60%,16.40%,
,,,,,,,,,,,,,,,,,,,,
Caitlyn,8,6.70%,4,4,4,0,4,0%,2.5,3.5,2.5,1.43,289.75,9.43,12.4,404,51.30%,25.60%,25%,
,,,,,,,,,,,,,,,,,,,,
Sion,7,5.80%,-,7,6,1,6,14.30%,1,2.86,3.43,1.55,262,7.54,11.4,328,57.40%,13%,19.80%,
,,,,,,,,,,,,,,,,,,,,
Neeko,7,5.80%,1,6,5,3,3,50%,1.83,2.67,5.67,2.81,229.33,7.52,10.8,355,59.20%,14.50%,19.70%,
,,,,,,,,,,,,,,,,,,,,
Mordekaiser,7,5.80%,1,6,4,0,6,0%,3.67,3.83,3,1.74,275.17,7.56,13.8,380,42.10%,23.20%,21.40%,
,,,,,,,,,,,,,,,,,,,,
Ashe,7,5.80%,3,4,4,2,2,50%,3.25,2,6.75,5,272,8.76,12.5,402,66.70%,21.70%,22.80%,
,,,,,,,,,,,,,,,,,,,,
Vayne,7,5.80%,5,2,1,2,0,100%,3,1.5,6,6,300,9.6,14.3,457,51.40%,17.10%,22.60%,
,,,,,,,,,,,,,,,,,,,,
Cho'Gath,6,5%,1,5,3,2,3,40%,3.4,2.2,4.8,3.73,248,7.02,12.8,362,50.60%,21%,19.90%,
,,,,,,,,,,,,,,,,,,,,
Sivir,6,5%,2,4,4,2,2,50%,3.75,1.75,4.5,4.71,391.75,10.41,16.8,446,62.30%,28.30%,24.70%,
,,,,,,,,,,,,,,,,,,,,
Jax,6,5%,5,1,1,1,0,100%,1,0,1,2,240,8.59,10.3,367,18.20%,9.10%,19.90%,
,,,,,,,,,,,,,,,,,,,,
Zoe,5,4.20%,-,5,5,2,3,40%,2.8,1,5.8,8.6,240.8,7.36,12,368,57.30%,18.70%,19.50%,
,,,,,,,,,,,,,,,,,,,,
Azir,5,4.20%,-,5,4,1,4,20%,2.2,2.6,2.4,1.77,263.2,9.03,11.1,381,62.20%,29.70%,23.10%,
,,,,,,,,,,,,,,,,,,,,
Ekko,5,4.20%,-,5,4,1,4,20%,1.6,4.4,5.2,1.55,164.8,4.86,10.2,301,73.90%,17.40%,18.20%,
,,,,,,,,,,,,,,,,,,,,
Jinx,4,3.30%,1,3,3,1,2,33.30%,3,1.67,4.33,4.4,300.67,9.9,13.3,438,62.90%,25.70%,24.30%,
,,,,,,,,,,,,,,,,,,,,
Jhin,4,3.30%,2,2,1,1,1,50%,6.5,1,7,13.5,427,10.11,20.4,483,58.70%,28.30%,25.10%,
,,,,,,,,,,,,,,,,,,,,
Braum,4,3.30%,3,1,1,0,1,0%,1,3,3,1.33,84,2.16,9.8,251,23.50%,5.90%,14.20%,
,,,,,,,,,,,,,,,,,,,,
Poppy,3,2.50%,-,3,3,1,2,33.30%,2,4.67,8.33,2.21,183,5.01,11.2,307,66%,12.80%,17.30%,
,,,,,,,,,,,,,,,,,,,,
Fiddlesticks,3,2.50%,1,2,2,2,0,100%,1,2,8.5,4.75,22.5,0.62,8.8,243,61.30%,6.50%,13%,
,,,,,,,,,,,,,,,,,,,,
Sylas,3,2.50%,1,2,2,0,2,0%,2.5,4,7,2.38,241.5,6.3,12.8,333,55.90%,14.70%,19.50%,
,,,,,,,,,,,,,,,,,,,,
Hecarim,2,1.70%,-,2,1,1,1,50%,5.5,2,4.5,5,163.5,5.43,11.4,377,66.70%,36.70%,20.40%,
,,,,,,,,,,,,,,,,,,,,
Kha'Zix,2,1.70%,-,2,2,1,1,50%,2.5,4.5,5.5,1.78,189.5,4.99,12.9,340,64%,20%,18.70%,
,,,,,,,,,,,,,,,,,,,,
Lulu,2,1.70%,-,2,2,1,1,50%,0.5,2.5,10.5,4.4,24.5,0.64,9.3,244,88%,4%,14%,
,,,,,,,,,,,,,,,,,,,,
Sejuani,2,1.70%,-,2,2,0,2,0%,0.5,2.5,1,0.6,129,4.73,7.6,279,100%,33.30%,19.30%,
,,,,,,,,,,,,,,,,,,,,
Sona,2,1.70%,1,1,1,0,1,0%,1,3,5,2,257,5.91,18.4,424,75%,12.50%,22.70%,
,,,,,,,,,,,,,,,,,,,,
Volibear,2,1.70%,1,1,1,0,1,0%,1,4,6,1.75,35,1.31,5.6,210,77.80%,11.10%,13.20%,
,,,,,,,,,,,,,,,,,,,,
Kalista,2,1.70%,2,0,-,0,0,-,-,-,-,-,-,-,-,-,-,-,-,-
,,,,,,,,,,,,,,,,,,,,
Kog'Maw,1,0.80%,-,1,1,1,0,100%,12,6,8,3.33,402,9.16,22.4,509,90.90%,54.50%,26.90%,
,,,,,,,,,,,,,,,,,,,,
Malphite,1,0.80%,-,1,1,1,0,100%,3,1,9,12,245,8.55,12.1,424,60%,15%,20.30%,
,,,,,,,,,,,,,,,,,,,,
Urgot,1,0.80%,-,1,1,1,0,100%,8,5,10,3.6,287,5.9,20.3,418,72%,32%,21%,
,,,,,,,,,,,,,,,,,,,,
Yorick,1,0.80%,-,1,1,1,0,100%,2,2,3,2.5,254,8.18,12.6,407,27.80%,11.10%,20%,
,,,,,,,,,,,,,,,,,,,,
Anivia,1,0.80%,-,1,1,0,1,0%,1,2,0,0.5,362,11.21,12.8,397,25%,25%,24.60%,
,,,,,,,,,,,,,,,,,,,,
Bard,1,0.80%,-,1,1,0,1,0%,0,7,10,1.43,31,0.79,9.1,233,83.30%,0%,13.80%,
,,,,,,,,,,,,,,,,,,,,
Lux,1,0.80%,-,1,1,0,1,0%,0,3,1,0.33,15,0.49,6.2,204,50%,0%,12.80%,
,,,,,,,,,,,,,,,,,,,,
Nidalee,1,0.80%,-,1,1,0,1,0%,1,2,1,1,102,4.49,6.3,278,100%,50%,19.60%,
,,,,,,,,,,,,,,,,,,,,
Rengar,1,0.80%,-,1,1,0,1,0%,5,4,0,1.25,208,7.96,10.6,404,50%,50%,23.10%,
,,,,,,,,,,,,,,,,,,,,
Vi,1,0.80%,-,1,1,0,1,0%,0,7,4,0.57,113,3.64,7.8,250,36.40%,0%,14.90%,
,,,,,,,,,,,,,,,,,,,,
Viktor,1,0.80%,-,1,1,0,1,0%,1,2,2,1.5,245,7.52,10.2,314,60%,20%,19.50%,
,,,,,,,,,,,,,,,,,,,,
Xin Zhao,1,0.80%,-,1,1,0,1,0%,3,3,2,1.67,179,5.24,11.4,333,55.60%,33.30%,19.60%,
,,,,,,,,,,,,,,,,,,,,
Ziggs,1,0.80%,-,1,1,0,1,0%,5,1,4,9,539,8.5,24.2,382,56.30%,31.30%,23.30%,
,,,,,,,,,,,,,,,,,,,,
Zilean,1,0.80%,-,1,1,0,1,0%,1,1,1,2,271,9.19,10.1,343,100%,50%,23.20%,
Champion,G,PB%,B,G,By,W,L,WR,K,D,A,KDA,CS,CS/M,G,G/M,KPAR,KS,GS,As
,,,,,,,,,,,,,,,,,,,,
Ornn,102,89.50%,62,40,17,24,16,60%,1.7,2,7.2,4.45,236.03,7.36,11.3,354,64%,12.20%,19.80%,
,,,,,,,,,,,,,,,,,,,,
Nidalee,102,89.50%,71,31,14,18,13,58.10%,3.23,2.19,6.19,4.29,215.97,6.74,11.7,365,70.20%,24%,20.30%,
,,,,,,,,,,,,,,,,,,,,
Graves,99,86.80%,30,69,21,35,34,50.70%,3.61,2.38,5.26,3.73,218.49,6.87,11.8,370,68.20%,27.80%,20.80%,
,,,,,,,,,,,,,,,,,,,,
Lucian,94,82.50%,78,16,13,9,7,56.30%,4,2.88,4.25,2.87,287.88,8.89,13.8,427,62.90%,30.50%,23.80%,
,,,,,,,,,,,,,,,,,,,,
Syndra,84,73.70%,47,37,15,19,18,51.40%,3.24,2.49,5.08,3.35,289.32,8.83,13,396,60.30%,23.50%,22.50%,
,,,,,,,,,,,,,,,,,,,,
Camille,80,70.20%,53,27,15,15,12,55.60%,3.85,3.15,4.89,2.78,260.48,7.97,13.3,408,55.30%,24.40%,22.40%,
,,,,,,,,,,,,,,,,,,,,
Renekton,79,69.30%,46,33,14,13,20,39.40%,2.33,3.48,4.18,1.87,259.48,8.03,12.3,380,54.20%,19.40%,21.80%,
,,,,,,,,,,,,,,,,,,,,
Twisted Fate,78,68.40%,55,23,10,13,10,56.50%,3.22,2.26,7.61,4.79,262.7,8.43,13.5,434,73.50%,21.80%,23.30%,
,,,,,,,,,,,,,,,,,,,,
Orianna,73,64%,34,39,18,25,14,64.10%,3.69,1.9,6.03,5.12,303.87,9.03,14,417,69.40%,26.40%,23.20%,
,,,,,,,,,,,,,,,,,,,,
Lillia,71,62.30%,30,41,14,17,24,41.50%,2.8,3.17,6.66,2.98,208.32,6.5,11.3,352,70.50%,20.90%,20%,
,,,,,,,,,,,,,,,,,,,,
Ashe,70,61.40%,28,42,19,17,25,40.50%,2.86,2.64,5.67,3.23,296.14,9.09,13.4,412,66.80%,22.40%,23.50%,
,,,,,,,,,,,,,,,,,,,,
Leona,67,58.80%,25,42,14,26,16,61.90%,0.83,3.12,7.24,2.59,37.48,1.16,7.4,231,57.10%,5.90%,12.70%,
,,,,,,,,,,,,,,,,,,,,
Sett,66,57.90%,34,32,23,15,17,46.90%,2.09,3.13,6.28,2.68,160.59,4.94,10.2,315,58%,14.50%,17.60%,
,,,,,,,,,,,,,,,,,,,,
Senna,64,56.10%,18,46,20,21,25,45.70%,1.8,2.11,7.83,4.57,222.04,7.04,11.4,361,75.60%,14.20%,20.60%,
,,,,,,,,,,,,,,,,,,,,
Ezreal,58,50.90%,24,34,14,20,14,58.80%,3.94,2.5,5.03,3.59,296.09,8.82,14,417,65.60%,28.80%,23.40%,
,,,,,,,,,,,,,,,,,,,,
Jhin,56,49.10%,13,43,17,28,15,65.10%,4,1.47,5.86,6.73,283.05,8.97,13.5,427,67.80%,27.50%,23.40%,
,,,,,,,,,,,,,,,,,,,,
Caitlyn,54,47.40%,39,15,8,8,7,53.30%,3.8,1.6,4.4,5.13,301.67,9.71,14,451,65.10%,30.20%,25%,
,,,,,,,,,,,,,,,,,,,,
Shen,53,46.50%,39,14,8,9,5,64.30%,3,2.79,7.5,3.77,227.86,6.81,11.7,351,67.10%,19.20%,19.50%,
,,,,,,,,,,,,,,,,,,,,
Volibear,47,41.20%,19,28,15,14,14,50%,2.43,2.96,5.36,2.63,219.75,6.72,11.4,350,62.10%,19.40%,20%,
,,,,,,,,,,,,,,,,,,,,
Bard,44,38.60%,24,20,12,11,9,55%,0.8,2.3,10.7,5,45.25,1.35,7.9,237,78.50%,5.50%,13.20%,
,,,,,,,,,,,,,,,,,,,,
Pantheon,44,38.60%,26,18,11,11,7,61.10%,2.61,3.61,5.72,2.31,56.94,1.78,8.4,262,55.80%,17.50%,14.20%,
,,,,,,,,,,,,,,,,,,,,
Rakan,42,36.80%,15,27,16,15,12,55.60%,0.44,2,8.26,4.35,39.15,1.26,7.1,228,71.20%,3.60%,13%,
,,,,,,,,,,,,,,,,,,,,
Nautilus,40,35.10%,16,24,13,6,18,25%,0.71,4.33,5.5,1.43,36.71,1.17,6.8,216,58.40%,6.70%,13.10%,
,,,,,,,,,,,,,,,,,,,,
Kindred,35,30.70%,10,25,10,16,9,64%,3.48,1.92,5.72,4.79,198.8,6.36,11.4,365,67.60%,25.60%,20.20%,
,,,,,,,,,,,,,,,,,,,,
Kalista,35,30.70%,26,9,6,2,7,22.20%,2,3.22,4,1.86,279.22,9.08,12.1,394,60.70%,20.20%,23.40%,
,,,,,,,,,,,,,,,,,,,,
Galio,33,28.90%,9,24,12,8,16,33.30%,2.21,3.04,5.42,2.51,235.79,7.54,10.9,348,68.50%,19.90%,20.10%,
,,,,,,,,,,,,,,,,,,,,
Thresh,33,28.90%,21,12,9,4,8,33.30%,0.33,2.42,5.67,2.48,39,1.2,7,218,64.90%,3.60%,12.80%,
,,,,,,,,,,,,,,,,,,,,
Twitch,32,28.10%,22,10,6,4,6,40%,3.9,2.8,4.9,3.14,267.2,8.32,12.7,397,70.40%,31.20%,23.20%,
,,,,,,,,,,,,,,,,,,,,
Tahm Kench,31,27.20%,15,16,8,8,8,50%,1.06,3.63,8.06,2.52,34.63,1.02,7.8,230,58.90%,6.90%,12.80%,
,,,,,,,,,,,,,,,,,,,,
Azir,29,25.40%,15,14,8,5,9,35.70%,2.07,2.36,3.93,2.55,282.71,8.86,12.4,389,55.30%,19.10%,22.60%,
,,,,,,,,,,,,,,,,,,,,
Alistar,27,23.70%,10,17,13,9,8,52.90%,1.24,3.41,9.06,3.02,34.71,1.05,7.8,236,65.50%,7.90%,13.30%,
,,,,,,,,,,,,,,,,,,,,
Sylas,27,23.70%,11,16,10,8,8,50%,3.31,2.69,5.63,3.33,225.81,7.61,11.2,376,73%,27%,21.30%,
,,,,,,,,,,,,,,,,,,,,
Akali,26,22.80%,20,6,4,3,3,50%,4.17,2.67,4.17,3.13,299.5,8.36,14.2,396,54.90%,27.50%,21.60%,
,,,,,,,,,,,,,,,,,,,,
Zoe,23,20.20%,8,15,11,7,8,46.70%,2.67,1.87,6.73,5.04,256.27,7.91,11.9,369,70.90%,20.10%,21.10%,
,,,,,,,,,,,,,,,,,,,,
Hecarim,22,19.30%,12,10,8,5,5,50%,2.8,2.8,4.7,2.68,206.6,6.5,11,346,62.50%,23.30%,19.90%,
,,,,,,,,,,,,,,,,,,,,
Gangplank,20,17.50%,7,13,7,6,7,46.20%,2.92,2.85,5.08,2.81,275.85,8.56,14,435,68%,24.80%,24.20%,
,,,,,,,,,,,,,,,,,,,,
Lulu,20,17.50%,8,12,8,6,6,50%,1.08,2.08,7.33,4.04,129.42,4.11,9,285,74.30%,9.60%,16.60%,
,,,,,,,,,,,,,,,,,,,,
Lee Sin,19,16.70%,5,14,9,5,9,35.70%,2.79,3,5.79,2.86,173.93,5.18,10.8,321,72.30%,23.50%,18.60%,
,,,,,,,,,,,,,,,,,,,,
Wukong,19,16.70%,6,13,5,5,8,38.50%,3,3.31,4.69,2.33,249.38,7.73,12.3,382,66.70%,26%,22.40%,
,,,,,,,,,,,,,,,,,,,,
Evelynn,18,15.80%,11,7,6,4,3,57.10%,4,3,4.71,2.9,193.14,6.05,11.3,354,62.20%,28.60%,19.60%,
,,,,,,,,,,,,,,,,,,,,
Braum,16,14%,4,12,10,6,6,50%,0.58,2.58,8.17,3.39,34.67,1.12,7.1,230,70%,4.70%,12.90%,
,,,,,,,,,,,,,,,,,,,,
Jax,15,13.20%,7,8,4,6,2,75%,4.38,2.63,4.13,3.24,306.63,8.61,15.3,431,54.40%,28%,22.70%,
,,,,,,,,,,,,,,,,,,,,
Mordekaiser,15,13.20%,9,6,4,1,5,16.70%,4.5,3.5,3.17,2.19,256.83,7.4,13.2,379,67.60%,39.70%,22.60%,
,,,,,,,,,,,,,,,,,,,,
Sion,14,12.30%,3,11,6,4,7,36.40%,1.45,2.73,5.27,2.47,240.36,7.74,11,354,48.70%,10.50%,20.20%,
,,,,,,,,,,,,,,,,,,,,
Ekko,13,11.40%,4,9,6,6,3,66.70%,4.22,1.22,6.56,8.82,278.89,9.05,13,422,70.80%,27.70%,22.80%,
,,,,,,,,,,,,,,,,,,,,
Jayce,11,9.60%,3,8,7,2,6,25%,3.38,3.75,2.63,1.6,265.38,8.67,12.2,398,64.90%,36.50%,23.30%,
,,,,,,,,,,,,,,,,,,,,
Kassadin,11,9.60%,6,5,3,3,2,60%,6.8,4,2.4,2.3,264.2,8.37,13.4,423,54.10%,40%,23.70%,
,,,,,,,,,,,,,,,,,,,,
Miss Fortune,9,7.90%,1,8,5,5,3,62.50%,3.88,2.63,6.38,3.9,317.25,9.5,14.5,435,70.70%,26.70%,24.10%,
,,,,,,,,,,,,,,,,,,,,
Aphelios,9,7.90%,2,7,6,3,4,42.90%,2.86,2.86,4.43,2.55,279.86,8.89,12.8,407,62.20%,24.40%,23.10%,
,,,,,,,,,,,,,,,,,,,,
Malphite,9,7.90%,3,6,5,3,3,50%,2,2.5,6.17,3.27,218.17,7.45,10.6,361,59.80%,14.60%,20.50%,
,,,,,,,,,,,,,,,,,,,,
Karma,9,7.90%,4,5,5,4,1,80%,0.4,1.6,9.8,6.38,25.8,0.85,7.2,239,82.30%,3.20%,13%,
,,,,,,,,,,,,,,,,,,,,
Lux,9,7.90%,4,5,4,2,3,40%,0.4,1.8,5.8,3.44,42.4,1.27,7.5,226,75.60%,4.90%,13.10%,
,,,,,,,,,,,,,,,,,,,,
Blitzcrank,9,7.90%,5,4,3,2,2,50%,1,2.5,5.75,2.7,26.25,0.87,6.8,226,50%,7.40%,12.60%,
,,,,,,,,,,,,,,,,,,,,
Irelia,8,7%,6,2,2,1,1,50%,4,3.5,3,2,282.5,9.66,12.7,435,56%,32%,24.30%,
,,,,,,,,,,,,,,,,,,,,
Swain,8,7%,7,1,1,1,0,100%,5,4,5,2.5,234,6.91,12.9,380,76.90%,38.50%,20.80%,
,,,,,,,,,,,,,,,,,,,,
Kennen,7,6.10%,3,4,1,4,0,100%,3.5,3.25,7.5,3.38,275.75,8.81,13.8,440,71%,22.60%,22.40%,
,,,,,,,,,,,,,,,,,,,,
Gragas,7,6.10%,3,4,4,2,2,50%,3.5,2.5,7,4.2,199.75,5.78,11.5,333,63.60%,21.20%,18.80%,
,,,,,,,,,,,,,,,,,,,,
Vladimir,7,6.10%,3,4,3,2,2,50%,2.75,2.5,2,1.9,295.75,9.05,12.9,396,42.20%,24.40%,22.80%,
,,,,,,,,,,,,,,,,,,,,
Ziggs,6,5.30%,1,5,3,1,4,20%,1.4,2.2,2.8,1.91,277,8.74,12.3,390,52.50%,17.50%,23.60%,
,,,,,,,,,,,,,,,,,,,,
Jarvan IV,6,5.30%,2,4,3,2,2,50%,0.75,2.5,8.5,3.7,156.5,4.82,9.4,291,82.20%,6.70%,16.70%,
,,,,,,,,,,,,,,,,,,,,
Taric,5,4.40%,-,5,3,1,4,20%,0,1.8,3.6,2,32.8,1.16,5.9,211,62.10%,0%,12.60%,
,,,,,,,,,,,,,,,,,,,,
Karthus,5,4.40%,3,2,2,0,2,0%,3,6,6.5,1.58,218.5,7.15,11.4,372,76%,24%,22.50%,
,,,,,,,,,,,,,,,,,,,,
Tristana,4,3.50%,-,4,4,2,2,50%,2.75,3,5,2.58,317.5,9.11,14.3,411,60.80%,21.60%,23.70%,
,,,,,,,,,,,,,,,,,,,,
Draven,4,3.50%,1,3,3,1,2,33.30%,4,2.33,5.67,4.14,275.33,8.1,14.8,435,74.40%,30.80%,23.60%,
,,,,,,,,,,,,,,,,,,,,
Yuumi,4,3.50%,4,0,-,0,0,-,-,-,-,-,-,-,-,-,-,-,-,-
,,,,,,,,,,,,,,,,,,,,
Vayne,3,2.60%,-,3,3,2,1,66.70%,6.67,2.33,3,4.14,256.33,8.37,13.3,433,61.70%,42.60%,23.40%,
,,,,,,,,,,,,,,,,,,,,
Cassiopeia,3,2.60%,1,2,2,1,1,50%,2.5,3,4.5,2.33,283.5,9.65,12.4,420,82.40%,29.40%,25.60%,
,,,,,,,,,,,,,,,,,,,,
Elise,3,2.60%,1,2,1,1,1,50%,2.5,4,5.5,2,179,5.23,10.6,309,66.70%,20.80%,18%,
,,,,,,,,,,,,,,,,,,,,
Vel'Koz,3,2.60%,1,2,2,0,2,0%,1.5,3,1,0.83,248.5,8.95,10,359,38.50%,23.10%,22.80%,
,,,,,,,,,,,,,,,,,,,,
Morgana,3,2.60%,2,1,1,1,0,100%,1,3,10,3.67,34,1.15,7.5,251,57.90%,5.30%,12.80%,
,,,,,,,,,,,,,,,,,,,,
Gnar,2,1.80%,-,2,2,2,0,100%,1,1.5,6,4.67,266,8.35,12.3,386,50%,7.10%,20.20%,
,,,,,,,,,,,,,,,,,,,,
Fiora,2,1.80%,-,2,2,1,1,50%,5,4,2.5,1.88,320.5,9.4,14.8,434,53.60%,35.70%,24.60%,
,,,,,,,,,,,,,,,,,,,,
Kayle,2,1.80%,-,2,2,0,2,0%,1,3.5,1,0.57,268.5,8.88,11,363,36.40%,18.20%,22.80%,
,,,,,,,,,,,,,,,,,,,,
Urgot,2,1.80%,-,2,2,0,2,0%,6,3,2,2.67,240.5,7.12,12.5,369,80%,60%,23.40%,
,,,,,,,,,,,,,,,,,,,,
Zilean,2,1.80%,-,2,1,0,2,0%,0.5,1,4,4.5,250.5,7.68,10.7,328,60%,6.70%,20.80%,
,,,,,,,,,,,,,,,,,,,,
LeBlanc,2,1.80%,1,1,1,0,1,0%,2,4,4,1.5,289,7.83,13.7,371,60%,20%,23.10%,
,,,,,,,,,,,,,,,,,,,,
Quinn,2,1.80%,1,1,1,0,1,0%,2,4,6,2,262,8.15,12.7,394,88.90%,22.20%,22.10%,
,,,,,,,,,,,,,,,,,,,,
Maokai,1,0.90%,-,1,1,1,0,100%,1,3,8,3,245,8.17,11,368,69.20%,7.70%,18.50%,
,,,,,,,,,,,,,,,,,,,,
Nocturne,1,0.90%,-,1,1,1,0,100%,5,3,5,3.33,266,8.27,13.3,415,66.70%,33.30%,22.60%,
,,,,,,,,,,,,,,,,,,,,
Rengar,1,0.90%,-,1,1,1,0,100%,2,1,10,12,211,6.08,11.9,344,60%,10%,18.40%,
,,,,,,,,,,,,,,,,,,,,
Singed,1,0.90%,-,1,1,1,0,100%,2,3,8,3.33,263,7.8,12.9,382,66.70%,13.30%,20.60%,
,,,,,,,,,,,,,,,,,,,,
Aatrox,1,0.90%,-,1,1,0,1,0%,1,3,1,0.67,202,6.55,9,293,66.70%,33.30%,20%,
,,,,,,,,,,,,,,,,,,,,
Corki,1,0.90%,-,1,1,0,1,0%,2,4,1,0.75,293,9.88,12.2,412,37.50%,25%,24.90%,
,,,,,,,,,,,,,,,,,,,,
Kha'Zix,1,0.90%,-,1,1,0,1,0%,2,6,4,1,154,5.18,8.8,297,100%,33.30%,18.80%,
,,,,,,,,,,,,,,,,,,,,
Kog'Maw,1,0.90%,-,1,1,0,1,0%,1,2,3,2,334,8.85,13.7,363,57.10%,14.30%,22.10%,
,,,,,,,,,,,,,,,,,,,,
Poppy,1,0.90%,-,1,1,0,1,0%,5,4,9,3.5,235,6.23,14,372,77.80%,27.80%,20.80%,
,,,,,,,,,,,,,,,,,,,,
Ryze,1,0.90%,-,1,1,0,1,0%,1,4,4,1.25,177,7.45,7.7,324,62.50%,12.50%,20.20%,
,,,,,,,,,,,,,,,,,,,,
Skarner,1,0.90%,-,1,1,0,1,0%,0,6,2,0.33,118,4.28,6.8,246,50%,0%,16.90%,
,,,,,,,,,,,,,,,,,,,,
Xayah,1,0.90%,-,1,1,0,1,0%,4,4,3,1.75,346,10.35,14.9,445,87.50%,50%,28.50%,
,,,,,,,,,,,,,,,,,,,,
Olaf,1,0.90%,1,0,-,0,0,-,-,-,-,-,-,-,-,-,-,-,-,-
Champion,G,PB%,B,G,By,W,L,WR,K,D,A,KDA,CS,CS/M,G,G/M,KPAR,KS,GS,As
,,,,,,,,,,,,,,,,,,,,
Lee Sin,118,97.50%,60,58,22,33,25,56.90%,3.09,2.76,7.12,3.7,180.84,5.45,11.2,336,69.60%,21.10%,18.80%,
,,,,,,,,,,,,,,,,,,,,
Lucian,100,82.60%,66,34,14,18,16,52.90%,4.09,3.03,5.56,3.18,311.53,9.19,14.4,424,66.30%,28.10%,23.80%,
,,,,,,,,,,,,,,,,,,,,
LeBlanc,100,82.60%,71,29,14,15,14,51.70%,3.69,2.03,5.03,4.29,274.83,8.26,13,391,67.80%,28.70%,22.40%,
,,,,,,,,,,,,,,,,,,,,
Miss Fortune,98,81%,18,80,21,38,42,47.50%,3.94,2.16,4.54,3.92,310.84,9.38,14.3,432,61.90%,28.80%,24.30%,
,,,,,,,,,,,,,,,,,,,,
Twisted Fate,92,76%,64,28,14,15,13,53.60%,2.07,1.96,8.21,5.24,267.54,7.79,13.7,400,72%,15%,22.30%,
,,,,,,,,,,,,,,,,,,,,
Irelia,90,74.40%,71,19,13,7,12,36.80%,2,4.05,3.95,1.47,279.11,8.73,12.7,396,54.60%,18.40%,22.60%,
,,,,,,,,,,,,,,,,,,,,
Leona,87,71.90%,31,56,18,30,26,53.60%,0.73,3.29,7.84,2.61,37.63,1.16,7.5,232,59.30%,5.10%,12.80%,
,,,,,,,,,,,,,,,,,,,,
Xin Zhao,84,69.40%,39,45,18,15,30,33.30%,2.22,3.56,5.36,2.13,166.98,5.05,10.2,310,66.10%,19.40%,18.10%,
,,,,,,,,,,,,,,,,,,,,
Yuumi,84,69.40%,69,15,10,8,7,53.30%,1.4,1.4,9.53,7.81,7.53,0.23,7.7,242,79.60%,10.20%,13.60%,
,,,,,,,,,,,,,,,,,,,,
Aphelios,82,67.80%,44,38,17,24,14,63.20%,3.79,1.89,4.16,4.19,302.89,9.39,14.1,439,57.30%,27.30%,24.10%,
,,,,,,,,,,,,,,,,,,,,
Ryze,82,67.80%,49,33,15,15,18,45.50%,3.12,2.82,5.06,2.9,293.12,8.87,13.5,407,59.60%,22.70%,22.60%,
,,,,,,,,,,,,,,,,,,,,
Jarvan IV,76,62.80%,39,37,20,17,20,45.90%,2.38,3.16,7.95,3.26,179,5.3,10.9,324,78.30%,18.00%,18%,
,,,,,,,,,,,,,,,,,,,,
Kennen,75,62%,45,30,19,20,10,66.70%,4.1,3.5,6.2,2.94,265.83,7.48,13.9,390,59.70%,23.70%,21.30%,
,,,,,,,,,,,,,,,,,,,,
Graves,70,57.90%,29,41,19,23,18,56.10%,3.05,2.51,4.29,2.92,295.61,9.08,13.7,421,56.90%,23.60%,23.30%,
,,,,,,,,,,,,,,,,,,,,
Rakan,67,55.40%,24,43,20,24,19,55.80%,0.74,2.72,10,3.95,39.95,1.19,7.9,235,74%,5.10%,13.10%,
,,,,,,,,,,,,,,,,,,,,
Jayce,64,52.90%,30,34,17,13,21,38.20%,3.12,3.62,4.94,2.23,274.65,8.33,13.4,406,63.40%,24.50%,23.20%,
,,,,,,,,,,,,,,,,,,,,
Sylas,46,38%,17,29,19,14,15,48.30%,3.72,3.38,5.28,2.66,263.66,8.03,12.8,390,64%,26.50%,22%,
,,,,,,,,,,,,,,,,,,,,
Nami,42,34.70%,24,18,9,9,9,50%,1.17,2.44,10.28,4.68,16.33,0.48,8,238,83.70%,8.50%,13.50%,
,,,,,,,,,,,,,,,,,,,,
Ezreal,41,33.90%,16,25,12,12,13,48%,4,2.4,4.16,3.4,290.32,9.17,13.4,423,62.20%,30.50%,23.80%,
,,,,,,,,,,,,,,,,,,,,
Camille,39,32.20%,26,13,9,8,5,61.50%,3,3.85,6.54,2.48,234.54,7.44,12.3,389,61.10%,19.20%,21.30%,
,,,,,,,,,,,,,,,,,,,,
Zoe,38,31.40%,19,19,12,12,7,63.20%,2.95,1.53,5.11,5.28,258.16,7.78,12.2,368,63.70%,23.30%,20.90%,
,,,,,,,,,,,,,,,,,,,,
Gwen,38,31.40%,19,19,12,7,12,36.80%,2.47,2.32,3.68,2.66,269.42,8.43,12.5,390,54.40%,21.90%,22.30%,
,,,,,,,,,,,,,,,,,,,,
Qiyana,37,30.60%,22,15,8,11,4,73.30%,3.6,2.33,5.8,4.03,206.53,6.21,11.9,356,61%,23.40%,19.10%,
,,,,,,,,,,,,,,,,,,,,
Thresh,36,29.80%,20,16,13,9,7,56.30%,0.56,2.31,8.81,4.05,32.13,1,7.5,235,70.10%,4.20%,12.70%,
,,,,,,,,,,,,,,,,,,,,
Talon,33,27.30%,15,18,8,10,8,55.60%,3.67,2.83,4.67,2.94,190.72,6.1,11.1,353,66.40%,29.20%,19.90%,
,,,,,,,,,,,,,,,,,,,,
Draven,32,26.40%,27,5,4,2,3,40%,4.2,2,3,3.6,325.8,9.32,16,458,61%,35.60%,26%,
,,,,,,,,,,,,,,,,,,,,
Jhin,31,25.60%,2,29,11,18,11,62.10%,3.24,1.07,5.76,8.42,297.14,8.95,13.8,415,64.90%,23.40%,22.90%,
,,,,,,,,,,,,,,,,,,,,
Syndra,31,25.60%,12,19,9,14,5,73.70%,3.84,2.16,7.58,5.29,287.11,8.32,13.8,401,62.70%,21.10%,21.50%,
,,,,,,,,,,,,,,,,,,,,
Braum,31,25.60%,13,18,13,7,11,38.90%,0.39,3,7.56,2.65,34.28,1.06,7.2,223,68.80%,3.40%,13%,
,,,,,,,,,,,,,,,,,,,,
Amumu,29,24%,17,12,8,4,8,33.30%,0.92,4.42,7.5,1.91,32.33,1.08,6.8,227,61.60%,6.70%,12.90%,
,,,,,,,,,,,,,,,,,,,,
Azir,28,23.10%,14,14,7,7,7,50%,2.86,2.86,4.14,2.45,290.14,8.79,13.1,397,50%,20.40%,22%,
,,,,,,,,,,,,,,,,,,,,
Viego,26,21.50%,7,19,10,10,9,52.60%,3.53,2.16,6.74,4.76,196,5.56,12.1,343,66.10%,22.70%,18.90%,
,,,,,,,,,,,,,,,,,,,,
Olaf,24,19.80%,13,11,7,4,7,36.40%,4.36,3.18,6,3.26,214.73,5.86,12.7,347,65.90%,27.70%,19.50%,
,,,,,,,,,,,,,,,,,,,,
Tryndamere,23,19%,15,8,7,3,5,37.50%,4.25,2.38,5.38,4.05,312.75,8.98,15.3,439,63.10%,27.90%,24.20%,
,,,,,,,,,,,,,,,,,,,,
Orianna,22,18.20%,5,17,12,6,11,35.30%,2.35,2.24,3.82,2.76,287.47,8.97,12.6,393,66.50%,25.30%,23%,
,,,,,,,,,,,,,,,,,,,,
Renekton,21,17.40%,5,16,6,8,8,50%,1.81,2.69,3.5,1.98,267.94,8.55,12.1,385,50.60%,17.30%,22.10%,
,,,,,,,,,,,,,,,,,,,,
Poppy,21,17.40%,10,11,7,6,5,54.50%,1.55,2.27,5.36,3.04,181.09,5.95,10,328,55.10%,12.30%,18.20%,
,,,,,,,,,,,,,,,,,,,,
Lulu,20,16.50%,3,17,7,9,8,52.90%,0.76,2.18,7.12,3.62,17.76,0.53,7.8,233,74.90%,7.30%,13.30%,
,,,,,,,,,,,,,,,,,,,,
Gnar,20,16.50%,6,14,9,5,9,35.70%,2.43,2.86,3.07,1.93,249.43,7.67,11.9,367,49.70%,21.90%,21.40%,
,,,,,,,,,,,,,,,,,,,,
Ziggs,18,14.90%,9,9,6,3,6,33.30%,2.33,2.33,4.89,3.1,344,9.06,14.8,391,55.60%,17.90%,22.70%,
,,,,,,,,,,,,,,,,,,,,
Nautilus,17,14%,6,11,9,5,6,45.50%,0.36,4.64,7.82,1.76,33.36,1,7.4,220,61.60%,2.70%,12.40%,
,,,,,,,,,,,,,,,,,,,,
Lillia,17,14%,7,10,6,5,5,50%,4.1,3.1,6,3.26,205.1,6.75,11.6,381,69.70%,28.30%,21%,
,,,,,,,,,,,,,,,,,,,,
Kai'Sa,15,12.40%,4,11,7,5,6,45.50%,4.55,2.18,5.36,4.54,312.27,9.21,14.6,431,66.50%,30.50%,23.90%,
,,,,,,,,,,,,,,,,,,,,
Galio,15,12.40%,11,4,3,1,3,25%,2,3,6.75,2.92,213.25,6.27,10.9,320,85.40%,19.50%,19.60%,
,,,,,,,,,,,,,,,,,,,,
Gangplank,14,11.60%,8,6,5,3,3,50%,4.17,3.5,5.67,2.81,263.83,8.09,14.5,443,64.80%,27.50%,24.50%,
,,,,,,,,,,,,,,,,,,,,
Rell,13,10.70%,3,10,6,5,5,50%,1,3.4,8.4,2.76,35,1.06,7.7,232,61.40%,6.50%,12.90%,
,,,,,,,,,,,,,,,,,,,,
Trundle,13,10.70%,5,8,6,3,5,37.50%,1.63,2.88,6.75,2.91,139.38,4.12,10,295,71.30%,13.80%,17%,
,,,,,,,,,,,,,,,,,,,,
Sett,13,10.70%,7,6,5,3,3,50%,2.17,4.17,3.83,1.44,163.83,5.43,9.5,313,58.10%,21%,18.20%,
,,,,,,,,,,,,,,,,,,,,
Yone,13,10.70%,8,5,4,0,5,0%,1.6,4.2,4.4,1.43,261.4,7.87,12.1,365,52.60%,14%,21.60%,
,,,,,,,,,,,,,,,,,,,,
Jax,12,9.90%,3,9,7,4,5,44.40%,3,3.11,4.11,2.29,286.22,8.29,14,406,56.10%,23.70%,23%,
,,,,,,,,,,,,,,,,,,,,
Wukong,12,9.90%,4,8,6,5,3,62.50%,4.63,2.88,5.5,3.52,252.13,7.08,14.1,396,55.90%,25.50%,21.80%,
,,,,,,,,,,,,,,,,,,,,
Gragas,10,8.30%,1,9,7,5,4,55.60%,2.33,3.22,8,3.21,197.89,5.7,11.4,328,66%,14.90%,18.30%,
,,,,,,,,,,,,,,,,,,,,
Lissandra,9,7.40%,3,6,3,5,1,83.30%,1.83,1.67,7,5.3,251.83,8.55,11.5,391,62.40%,12.90%,20.50%,
,,,,,,,,,,,,,,,,,,,,
Alistar,8,6.60%,1,7,6,2,5,28.60%,0.86,3.57,6.14,1.96,35.43,1,7.5,212,75.40%,9.20%,12.90%,
,,,,,,,,,,,,,,,,,,,,
Aatrox,8,6.60%,2,6,5,4,2,66.70%,2.67,1.67,5.5,4.9,262.5,8.14,12.8,396,57.60%,18.80%,21.50%,
,,,,,,,,,,,,,,,,,,,,
Taliyah,8,6.60%,4,4,3,3,1,75%,5.25,2.75,7,4.45,196.75,6.62,11.7,393,67.10%,28.80%,19.60%,
,,,,,,,,,,,,,,,,,,,,
Malphite,8,6.60%,5,3,2,1,2,33.30%,1.33,2.67,5.33,2.5,225,7.09,10.6,336,60.60%,12.10%,19.70%,
,,,,,,,,,,,,,,,,,,,,
Urgot,8,6.60%,6,2,1,2,0,100%,7,0.5,5.5,25,230.5,7.67,13.1,435,64.10%,35.90%,22.30%,
,,,,,,,,,,,,,,,,,,,,
Nidalee,7,5.80%,3,4,2,3,1,75%,3.75,1.25,8.5,9.8,143.5,5.71,9.6,381,80.30%,24.60%,19.90%,
,,,,,,,,,,,,,,,,,,,,
Yasuo,7,5.80%,3,4,4,2,2,50%,3.25,2.5,5.75,3.6,344.25,9.4,15.3,418,67.90%,24.50%,23.60%,
,,,,,,,,,,,,,,,,,,,,
Kassadin,7,5.80%,6,1,1,1,0,100%,8,2,8,8,321,8.24,17.9,458,76.20%,38.10%,23.40%,
,,,,,,,,,,,,,,,,,,,,
Rumble,6,5%,2,4,3,1,3,25%,2.25,3,3.75,2,253.5,7.94,11.5,361,51.10%,19.10%,20.90%,
,,,,,,,,,,,,,,,,,,,,
Fiora,5,4.10%,-,5,3,4,1,80%,4.8,1.4,3.4,5.86,267.2,9.37,12.9,451,54.70%,32%,24.10%,
,,,,,,,,,,,,,,,,,,,,
Tristana,5,4.10%,1,4,3,2,2,50%,2.5,2.25,3.5,2.67,283.75,9.18,12.5,404,58.50%,24.40%,22.70%,
,,,,,,,,,,,,,,,,,,,,
Malzahar,5,4.10%,2,3,3,2,1,66.70%,3.33,2,6,4.67,283.33,8.6,13.6,413,65.10%,23.30%,22.90%,
,,,,,,,,,,,,,,,,,,,,
Shen,4,3.30%,-,4,4,1,3,25%,1,3.5,7.75,2.5,68.25,2.01,8.3,244,72.90%,8.30%,14.10%,
,,,,,,,,,,,,,,,,,,,,
Xayah,4,3.30%,1,3,3,1,2,33.30%,1.67,3.67,4.67,1.73,293.67,9.07,12.4,381,42.20%,11.10%,21.50%,
,,,,,,,,,,,,,,,,,,,,
Fiddlesticks,4,3.30%,2,2,1,1,1,50%,4,4.5,6,2.22,196.5,5.04,12.4,317,66.70%,26.70%,18.10%,
,,,,,,,,,,,,,,,,,,,,
Kalista,4,3.30%,2,2,2,0,2,0%,3.5,4,7,2.63,320.5,8.54,15.6,415,75%,25%,23.60%,
,,,,,,,,,,,,,,,,,,,,
Jinx,4,3.30%,3,1,1,0,1,0%,0,3,2,0.67,308,10.13,11.6,380,66.70%,0%,23.60%,
,,,,,,,,,,,,,,,,,,,,
Zilean,3,2.50%,-,3,2,2,1,66.70%,0.33,1.33,13,10,40,1.1,8.8,240,88.90%,2.20%,13.10%,
,,,,,,,,,,,,,,,,,,,,
Akali,3,2.50%,-,3,3,1,2,33.30%,1.33,3,2.33,1.22,203.67,7.85,9,345,32.40%,11.80%,20.40%,
,,,,,,,,,,,,,,,,,,,,
Kled,3,2.50%,-,3,2,1,2,33.30%,1.67,4,4.33,1.5,179,6.43,9,324,41.90%,11.60%,18.80%,
,,,,,,,,,,,,,,,,,,,,
Pyke,3,2.50%,-,3,3,1,2,33.30%,4.33,5,6.33,2.13,47.67,1.32,10.8,298,59.30%,24.10%,16.70%,
,,,,,,,,,,,,,,,,,,,,
Viktor,3,2.50%,-,3,2,0,3,0%,4.33,4,5,2.33,373,8.75,17.2,403,65.10%,30.20%,24.10%,
,,,,,,,,,,,,,,,,,,,,
Annie,3,2.50%,1,2,1,1,1,50%,3,3,9,4,156.5,5.56,9.3,330,77.40%,19.40%,18%,
,,,,,,,,,,,,,,,,,,,,
Sejuani,3,2.50%,1,2,2,0,2,0%,2,3.5,8,2.86,194.5,4.91,11.4,288,100%,20%,17.30%,
,,,,,,,,,,,,,,,,,,,,
Varus,3,2.50%,1,2,1,0,2,0%,0.5,3,0.5,0.33,251.5,8.4,10,332,66.70%,33.30%,22.20%,
,,,,,,,,,,,,,,,,,,,,
Nocturne,3,2.50%,2,1,1,1,0,100%,2,3,12,4.67,168,5.98,10.5,373,56%,8%,17.60%,
,,,,,,,,,,,,,,,,,,,,
Sion,3,2.50%,2,1,1,1,0,100%,2,1,9,11,184,7.15,8.9,346,57.90%,10.50%,18.30%,
,,,,,,,,,,,,,,,,,,,,
Maokai,2,1.70%,-,2,1,1,1,50%,1,3.5,7.5,2.43,51,1.53,8,240,68%,8%,13.50%,
,,,,,,,,,,,,,,,,,,,,
Senna,2,1.70%,-,2,1,1,1,50%,1.5,1.5,12.5,9.33,54,1.73,9.2,296,84.80%,9.10%,16.70%,
,,,,,,,,,,,,,,,,,,,,
Zed,2,1.70%,-,2,2,1,1,50%,1.5,3,1.5,1,191,7.09,8.9,331,30%,15%,19.20%,
,,,,,,,,,,,,,,,,,,,,
Tahm Kench,2,1.70%,1,1,1,1,0,100%,4,0,7,11,286,7.81,14.7,401,57.90%,21.10%,20.50%,
,,,,,,,,,,,,,,,,,,,,
Karma,2,1.70%,1,1,1,0,1,0%,1,3,3,1.33,35,0.86,8.3,203,80%,20%,12.40%,
,,,,,,,,,,,,,,,,,,,,
Ornn,2,1.70%,1,1,1,0,1,0%,1,2,3,2,183,7.28,7.9,313,80%,20%,20.50%,
,,,,,,,,,,,,,,,,,,,,
Seraphine,2,1.70%,1,1,1,0,1,0%,2,1,8,10,302,8.1,14.4,386,90.90%,18.20%,23.50%,
,,,,,,,,,,,,,,,,,,,,
Bard,1,0.80%,-,1,1,1,0,100%,1,0,10,11,22,0.64,8.6,250,64.70%,5.90%,13.40%,
,,,,,,,,,,,,,,,,,,,,
Ashe,1,0.80%,-,1,1,0,1,0%,2,6,5,1.17,226,7.33,11.1,358,53.80%,15.40%,20.50%,
,,,,,,,,,,,,,,,,,,,,
Shaco,1,0.80%,-,1,1,0,1,0%,0,4,1,0.25,125,4.62,6.7,247,25%,0%,17.10%,
,,,,,,,,,,,,,,,,,,,,
Vayne,1,0.80%,-,1,1,0,1,0%,4,3,2,2,181,7.87,10.7,464,66.70%,44.40%,28%,
,,,,,,,,,,,,,,,,,,,,
Vladimir,1,0.80%,1,0,-,0,0,-,-,-,-,-,-,-,-,-,-,-,-,-